,Age,Embarked,Fare,Parch,PassengerId,Pclass,Sex,Survived,FamilySize,IsAlone,Has_Cabin,Title
0,22.0,0,0,0,1,3,1,0.0,2,0,0,Mr
1,38.0,1,3,0,2,1,0,1.0,2,0,1,Mrs
2,26.0,0,1,0,3,3,0,1.0,1,1,0,Miss
3,35.0,0,3,0,4,1,0,1.0,2,0,1,Mrs
4,35.0,0,1,0,5,3,1,0.0,1,1,0,Mr
5,28.0,2,1,0,6,3,1,0.0,1,1,0,Mr
6,54.0,0,3,0,7,1,1,0.0,1,1,1,Mr
7,2.0,0,2,1,8,3,1,0.0,5,0,0,Master
8,27.0,0,1,2,9,3,0,1.0,3,0,0,Mrs
9,14.0,1,2,0,10,2,0,1.0,2,0,0,Mrs
10,4.0,0,2,1,11,3,0,1.0,3,0,1,Miss
11,58.0,0,2,0,12,1,0,1.0,1,1,1,Miss
12,20.0,0,1,0,13,3,1,0.0,1,1,0,Mr
13,39.0,0,3,5,14,3,1,0.0,7,0,0,Mr
14,14.0,0,0,0,15,3,0,0.0,1,1,0,Miss
15,55.0,0,2,0,16,2,0,1.0,1,1,0,Mrs
16,2.0,2,2,1,17,3,1,0.0,6,0,0,Master
17,28.0,0,1,0,18,2,1,1.0,1,1,0,Mr
18,31.0,0,2,0,19,3,0,0.0,2,0,0,Mrs
19,28.0,1,0,0,20,3,0,1.0,1,1,0,Mrs
20,35.0,0,2,0,21,2,1,0.0,1,1,0,Mr
21,34.0,0,1,0,22,2,1,1.0,1,1,1,Mr
22,15.0,2,1,0,23,3,0,1.0,1,1,0,Miss
23,28.0,0,3,0,24,1,1,1.0,1,1,1,Mr
24,8.0,0,2,1,25,3,0,0.0,5,0,0,Miss
25,38.0,0,3,5,26,3,0,1.0,7,0,0,Mrs
26,28.0,1,0,0,27,3,1,0.0,1,1,0,Mr
27,19.0,0,3,2,28,1,1,0.0,6,0,1,Mr
28,28.0,2,0,0,29,3,0,1.0,1,1,0,Miss
29,28.0,0,0,0,30,3,1,0.0,1,1,0,Mr
30,40.0,1,2,0,31,1,1,0.0,1,1,0,Rare
31,28.0,1,3,0,32,1,0,1.0,2,0,1,Mrs
32,28.0,2,0,0,33,3,0,1.0,1,1,0,Miss
33,66.0,0,1,0,34,2,1,0.0,1,1,0,Mr
34,28.0,1,3,0,35,1,1,0.0,2,0,0,Mr
35,42.0,0,3,0,36,1,1,0.0,2,0,0,Mr
36,28.0,1,0,0,37,3,1,1.0,1,1,0,Mr
37,21.0,0,1,0,38,3,1,0.0,1,1,0,Mr
38,18.0,0,2,0,39,3,0,0.0,3,0,0,Miss
39,14.0,1,1,0,40,3,0,1.0,2,0,0,Miss
40,40.0,0,1,0,41,3,0,0.0,2,0,0,Mrs
41,27.0,0,2,0,42,2,0,0.0,2,0,0,Mrs
42,28.0,1,0,0,43,3,1,0.0,1,1,0,Mr
43,3.0,1,3,2,44,2,0,1.0,4,0,0,Miss
44,19.0,2,0,0,45,3,0,1.0,1,1,0,Miss
45,28.0,0,1,0,46,3,1,0.0,1,1,0,Mr
46,28.0,2,2,0,47,3,1,0.0,2,0,0,Mr
47,28.0,2,0,0,48,3,0,1.0,1,1,0,Miss
48,28.0,1,2,0,49,3,1,0.0,3,0,0,Mr
49,18.0,0,2,0,50,3,0,0.0,2,0,0,Mrs
50,7.0,0,3,1,51,3,1,0.0,6,0,0,Master
51,21.0,0,0,0,52,3,1,0.0,1,1,0,Mr
52,49.0,1,3,0,53,1,0,1.0,2,0,1,Mrs
53,29.0,0,2,0,54,2,0,1.0,2,0,0,Mrs
54,65.0,1,3,1,55,1,1,0.0,2,0,1,Mr
55,28.0,0,3,0,56,1,1,1.0,1,1,1,Mr
56,21.0,0,1,0,57,2,0,1.0,1,1,0,Miss
57,28.5,1,0,0,58,3,1,0.0,1,1,0,Mr
58,5.0,0,2,2,59,2,0,1.0,4,0,0,Miss
59,11.0,0,3,2,60,3,1,0.0,8,0,0,Master
60,22.0,1,0,0,61,3,1,0.0,1,1,0,Mr
61,38.0,0,3,0,62,1,0,1.0,1,1,1,Miss
62,45.0,0,3,0,63,1,1,0.0,2,0,1,Mr
63,4.0,0,2,2,64,3,1,0.0,6,0,0,Master
64,28.0,1,2,0,65,1,1,0.0,1,1,0,Mr
65,28.0,1,2,1,66,3,1,1.0,3,0,0,Master
66,29.0,0,1,0,67,2,0,1.0,1,1,1,Mrs
67,19.0,0,1,0,68,3,1,0.0,1,1,0,Mr
68,17.0,0,1,2,69,3,0,1.0,7,0,0,Miss
69,26.0,0,1,0,70,3,1,0.0,3,0,0,Mr
70,32.0,0,1,0,71,2,1,0.0,1,1,0,Mr
71,16.0,0,3,2,72,3,0,0.0,8,0,0,Miss
72,21.0,0,3,0,73,2,1,0.0,1,1,0,Mr
73,26.0,1,2,0,74,3,1,0.0,2,0,0,Mr
74,32.0,0,3,0,75,3,1,1.0,1,1,0,Mr
75,25.0,0,0,0,76,3,1,0.0,1,1,1,Mr
76,28.0,0,0,0,77,3,1,0.0,1,1,0,Mr
77,28.0,0,1,0,78,3,1,0.0,1,1,0,Mr
78,0.83,0,2,2,79,2,1,1.0,3,0,0,Master
79,30.0,0,1,0,80,3,0,1.0,1,1,0,Miss
80,22.0,0,1,0,81,3,1,0.0,1,1,0,Mr
81,29.0,0,1,0,82,3,1,1.0,1,1,0,Mr
82,28.0,2,0,0,83,3,0,1.0,1,1,0,Miss
83,28.0,0,3,0,84,1,1,0.0,1,1,0,Mr
84,17.0,0,1,0,85,2,0,1.0,1,1,0,Miss
85,33.0,0,2,0,86,3,0,1.0,4,0,0,Mrs
86,16.0,0,3,3,87,3,1,0.0,5,0,0,Mr
87,28.0,0,1,0,88,3,1,0.0,1,1,0,Mr
88,23.0,0,3,2,89,1,0,1.0,6,0,1,Miss
89,24.0,0,1,0,90,3,1,0.0,1,1,0,Mr
90,29.0,0,1,0,91,3,1,0.0,1,1,0,Mr
91,20.0,0,0,0,92,3,1,0.0,1,1,0,Mr
92,46.0,0,3,0,93,1,1,0.0,2,0,1,Mr
93,26.0,0,2,2,94,3,1,0.0,4,0,0,Mr
94,59.0,0,0,0,95,3,1,0.0,1,1,0,Mr
95,28.0,0,1,0,96,3,1,0.0,1,1,0,Mr
96,71.0,1,3,0,97,1,1,0.0,1,1,1,Mr
97,23.0,1,3,1,98,1,1,1.0,2,0,1,Mr
98,34.0,0,2,1,99,2,0,1.0,2,0,0,Mrs
99,34.0,0,2,0,100,2,1,0.0,2,0,0,Mr
100,28.0,0,0,0,101,3,0,0.0,1,1,0,Miss
101,28.0,0,0,0,102,3,1,0.0,1,1,0,Mr
102,21.0,0,3,1,103,1,1,0.0,2,0,1,Mr
103,33.0,0,1,0,104,3,1,0.0,1,1,0,Mr
104,37.0,0,1,0,105,3,1,0.0,3,0,0,Mr
105,28.0,0,0,0,106,3,1,0.0,1,1,0,Mr
106,21.0,0,0,0,107,3,0,1.0,1,1,0,Miss
107,28.0,0,0,0,108,3,1,1.0,1,1,0,Mr
108,38.0,0,0,0,109,3,1,0.0,1,1,0,Mr
109,28.0,2,2,0,110,3,0,1.0,2,0,0,Miss
110,47.0,0,3,0,111,1,1,0.0,1,1,1,Mr
111,14.5,1,2,0,112,3,0,0.0,2,0,0,Miss
112,22.0,0,1,0,113,3,1,0.0,1,1,0,Mr
113,20.0,0,1,0,114,3,0,0.0,2,0,0,Miss
114,17.0,1,2,0,115,3,0,0.0,1,1,0,Miss
115,21.0,0,1,0,116,3,1,0.0,1,1,0,Mr
116,70.5,2,0,0,117,3,1,0.0,1,1,0,Mr
117,29.0,0,2,0,118,2,1,0.0,2,0,0,Mr
118,24.0,1,3,1,119,1,1,0.0,2,0,1,Mr
119,2.0,0,3,2,120,3,0,0.0,7,0,0,Miss
120,21.0,0,3,0,121,2,1,0.0,3,0,0,Mr
121,28.0,0,1,0,122,3,1,0.0,1,1,0,Mr
122,32.5,1,2,0,123,2,1,0.0,2,0,0,Mr
123,32.5,0,1,0,124,2,0,1.0,1,1,1,Miss
124,54.0,0,3,1,125,1,1,0.0,2,0,1,Mr
125,12.0,1,1,0,126,3,1,1.0,2,0,0,Master
126,28.0,2,0,0,127,3,1,0.0,1,1,0,Mr
127,24.0,0,0,0,128,3,1,1.0,1,1,0,Mr
128,28.0,1,2,1,129,3,0,1.0,3,0,1,Miss
129,45.0,0,0,0,130,3,1,0.0,1,1,0,Mr
130,33.0,1,0,0,131,3,1,0.0,1,1,0,Mr
131,20.0,0,0,0,132,3,1,0.0,1,1,0,Mr
132,47.0,0,2,0,133,3,0,0.0,2,0,0,Mrs
133,29.0,0,2,0,134,2,0,1.0,2,0,0,Mrs
134,25.0,0,1,0,135,2,1,0.0,1,1,0,Mr
135,23.0,1,2,0,136,2,1,0.0,1,1,0,Mr
136,19.0,0,2,2,137,1,0,1.0,3,0,1,Miss
137,37.0,0,3,0,138,1,1,0.0,2,0,1,Mr
138,16.0,0,1,0,139,3,1,0.0,1,1,0,Mr
139,24.0,1,3,0,140,1,1,0.0,1,1,1,Mr
140,28.0,1,2,2,141,3,0,0.0,3,0,0,Mrs
141,22.0,0,0,0,142,3,0,1.0,1,1,0,Miss
142,24.0,0,2,0,143,3,0,1.0,2,0,0,Mrs
143,19.0,2,0,0,144,3,1,0.0,1,1,0,Mr
144,18.0,0,1,0,145,2,1,0.0,1,1,0,Mr
145,19.0,0,3,1,146,2,1,0.0,3,0,0,Mr
146,27.0,0,0,0,147,3,1,1.0,1,1,0,Mr
147,9.0,0,3,2,148,3,0,0.0,5,0,0,Miss
148,36.5,0,2,2,149,2,1,0.0,3,0,1,Mr
149,42.0,0,1,0,150,2,1,0.0,1,1,0,Rare
150,51.0,0,1,0,151,2,1,0.0,1,1,0,Rare
151,22.0,0,3,0,152,1,0,1.0,2,0,1,Mrs
152,55.5,0,1,0,153,3,1,0.0,1,1,0,Mr
153,40.5,0,2,2,154,3,1,0.0,3,0,0,Mr
154,28.0,0,0,0,155,3,1,0.0,1,1,0,Mr
155,51.0,1,3,1,156,1,1,0.0,2,0,0,Mr
156,16.0,2,0,0,157,3,0,1.0,1,1,0,Miss
157,30.0,0,1,0,158,3,1,0.0,1,1,0,Mr
158,28.0,0,1,0,159,3,1,0.0,1,1,0,Mr
159,28.0,0,3,2,160,3,1,0.0,11,0,0,Master
160,44.0,0,2,1,161,3,1,0.0,2,0,0,Mr
161,40.0,0,2,0,162,2,0,1.0,1,1,0,Mrs
162,26.0,0,0,0,163,3,1,0.0,1,1,0,Mr
163,17.0,0,1,0,164,3,1,0.0,1,1,0,Mr
164,1.0,0,3,1,165,3,1,0.0,6,0,0,Master
165,9.0,0,2,2,166,3,1,1.0,3,0,0,Master
166,28.0,0,3,1,167,1,0,1.0,2,0,1,Mrs
167,45.0,0,2,4,168,3,0,0.0,6,0,0,Mrs
168,28.0,0,2,0,169,1,1,0.0,1,1,0,Mr
169,28.0,0,3,0,170,3,1,0.0,1,1,0,Mr
170,61.0,0,3,0,171,1,1,0.0,1,1,1,Mr
171,4.0,2,2,1,172,3,1,0.0,6,0,0,Master
172,1.0,0,1,1,173,3,0,1.0,3,0,0,Miss
173,21.0,0,1,0,174,3,1,0.0,1,1,0,Mr
174,56.0,1,2,0,175,1,1,0.0,1,1,1,Mr
175,18.0,0,0,1,176,3,1,0.0,3,0,0,Mr
176,28.0,0,2,1,177,3,1,0.0,5,0,0,Master
177,50.0,1,2,0,178,1,0,0.0,1,1,1,Miss
178,30.0,0,1,0,179,2,1,0.0,1,1,0,Mr
179,36.0,0,0,0,180,3,1,0.0,1,1,0,Mr
180,28.0,0,3,2,181,3,0,0.0,11,0,0,Miss
181,28.0,1,2,0,182,2,1,0.0,1,1,0,Mr
182,9.0,0,3,2,183,3,1,0.0,7,0,0,Master
183,1.0,0,3,1,184,2,1,1.0,4,0,1,Master
184,4.0,0,2,2,185,3,0,1.0,3,0,0,Miss
185,28.0,0,3,0,186,1,1,0.0,1,1,1,Mr
186,28.0,2,2,0,187,3,0,1.0,2,0,0,Mrs
187,45.0,0,2,0,188,1,1,1.0,1,1,0,Mr
188,40.0,2,2,1,189,3,1,0.0,3,0,0,Mr
189,36.0,0,0,0,190,3,1,0.0,1,1,0,Mr
190,32.0,0,1,0,191,2,0,1.0,1,1,0,Mrs
191,19.0,0,1,0,192,2,1,0.0,1,1,0,Mr
192,19.0,0,0,0,193,3,0,1.0,2,0,0,Miss
193,3.0,0,2,1,194,2,1,1.0,3,0,1,Master
194,44.0,1,2,0,195,1,0,1.0,1,1,1,Mrs
195,58.0,1,3,0,196,1,0,1.0,1,1,1,Miss
196,28.0,2,0,0,197,3,1,0.0,1,1,0,Mr
197,42.0,0,1,1,198,3,1,0.0,2,0,0,Mr
198,28.0,2,0,0,199,3,0,1.0,1,1,0,Miss
199,24.0,0,1,0,200,2,0,0.0,1,1,0,Miss
200,28.0,0,1,0,201,3,1,0.0,1,1,0,Mr
201,28.0,0,3,2,202,3,1,0.0,11,0,0,Mr
202,34.0,0,0,0,203,3,1,0.0,1,1,0,Mr
203,45.5,1,0,0,204,3,1,0.0,1,1,0,Mr
204,18.0,0,1,0,205,3,1,1.0,1,1,0,Mr
205,2.0,0,1,1,206,3,0,0.0,2,0,1,Miss
206,32.0,0,2,0,207,3,1,0.0,2,0,0,Mr
207,26.0,1,2,0,208,3,1,1.0,1,1,0,Mr
208,16.0,2,0,0,209,3,0,1.0,1,1,0,Miss
209,40.0,1,2,0,210,1,1,1.0,1,1,1,Mr
210,24.0,0,0,0,211,3,1,0.0,1,1,0,Mr
211,35.0,0,2,0,212,2,0,1.0,1,1,0,Miss
212,22.0,0,0,0,213,3,1,0.0,1,1,0,Mr
213,30.0,0,1,0,214,2,1,0.0,1,1,0,Mr
214,28.0,2,0,0,215,3,1,0.0,2,0,0,Mr
215,31.0,1,3,0,216,1,0,1.0,2,0,1,Miss
216,27.0,0,1,0,217,3,0,1.0,1,1,0,Miss
217,42.0,0,2,0,218,2,1,0.0,2,0,0,Mr
218,32.0,1,3,0,219,1,0,1.0,1,1,1,Miss
219,30.0,0,1,0,220,2,1,0.0,1,1,0,Mr
220,16.0,0,1,0,221,3,1,1.0,1,1,0,Mr
221,27.0,0,1,0,222,2,1,0.0,1,1,0,Mr
222,51.0,0,1,0,223,3,1,0.0,1,1,0,Mr
223,28.0,0,0,0,224,3,1,0.0,1,1,0,Mr
224,38.0,0,3,0,225,1,1,1.0,2,0,1,Mr
225,22.0,0,1,0,226,3,1,0.0,1,1,0,Mr
226,19.0,0,1,0,227,2,1,1.0,1,1,0,Mr
227,20.5,0,0,0,228,3,1,0.0,1,1,0,Mr
228,18.0,0,1,0,229,2,1,0.0,1,1,0,Mr
229,28.0,0,2,1,230,3,0,0.0,5,0,0,Miss
230,35.0,0,3,0,231,1,0,1.0,2,0,1,Mrs
231,29.0,0,0,0,232,3,1,0.0,1,1,0,Mr
232,59.0,0,1,0,233,2,1,0.0,1,1,0,Mr
233,5.0,0,3,2,234,3,0,1.0,7,0,0,Miss
234,24.0,0,1,0,235,2,1,0.0,1,1,0,Mr
235,28.0,0,0,0,236,3,0,0.0,1,1,0,Miss
236,44.0,0,2,0,237,2,1,0.0,2,0,0,Mr
237,8.0,0,2,2,238,2,0,1.0,3,0,0,Miss
238,19.0,0,1,0,239,2,1,0.0,1,1,0,Mr
239,33.0,0,1,0,240,2,1,0.0,1,1,0,Mr
240,28.0,1,2,0,241,3,0,0.0,2,0,0,Miss
241,28.0,2,2,0,242,3,0,1.0,2,0,0,Miss
242,29.0,0,1,0,243,2,1,0.0,1,1,0,Mr
243,22.0,0,0,0,244,3,1,0.0,1,1,0,Mr
244,30.0,1,0,0,245,3,1,0.0,1,1,0,Mr
245,44.0,2,3,0,246,1,1,0.0,3,0,1,Rare
246,25.0,0,0,0,247,3,0,0.0,1,1,0,Miss
247,24.0,0,2,2,248,2,0,1.0,3,0,0,Mrs
248,37.0,0,3,1,249,1,1,1.0,3,0,1,Mr
249,54.0,0,2,0,250,2,1,0.0,2,0,0,Rare
250,28.0,0,0,0,251,3,1,0.0,1,1,0,Mr
251,29.0,0,1,1,252,3,0,0.0,3,0,1,Mrs
252,62.0,0,2,0,253,1,1,0.0,1,1,1,Mr
253,30.0,0,2,0,254,3,1,0.0,2,0,0,Mr
254,41.0,0,2,2,255,3,0,0.0,3,0,0,Mrs
255,29.0,1,2,2,256,3,0,1.0,3,0,0,Mrs
256,28.0,1,3,0,257,1,0,1.0,1,1,0,Mrs
257,30.0,0,3,0,258,1,0,1.0,1,1,1,Miss
258,35.0,1,3,0,259,1,0,1.0,1,1,0,Miss
259,50.0,0,2,1,260,2,0,1.0,2,0,0,Mrs
260,28.0,2,0,0,261,3,1,0.0,1,1,0,Mr
261,3.0,0,3,2,262,3,1,1.0,7,0,0,Master
262,52.0,0,3,1,263,1,1,0.0,3,0,1,Mr
263,40.0,0,0,0,264,1,1,0.0,1,1,1,Mr
264,28.0,2,0,0,265,3,0,0.0,1,1,0,Miss
265,36.0,0,1,0,266,2,1,0.0,1,1,0,Mr
266,16.0,0,3,1,267,3,1,0.0,6,0,0,Mr
267,25.0,0,0,0,268,3,1,1.0,2,0,0,Mr
268,58.0,0,3,1,269,1,0,1.0,2,0,1,Mrs
269,35.0,0,3,0,270,1,0,1.0,1,1,1,Miss
270,28.0,0,2,0,271,1,1,0.0,1,1,0,Mr
271,25.0,0,0,0,272,3,1,1.0,1,1,0,Mr
272,41.0,0,2,1,273,2,0,1.0,2,0,0,Mrs
273,37.0,1,2,1,274,1,1,0.0,2,0,1,Mr
274,28.0,2,0,0,275,3,0,1.0,1,1,0,Miss
275,63.0,0,3,0,276,1,0,1.0,2,0,1,Miss
276,45.0,0,0,0,277,3,0,0.0,1,1,0,Miss
277,28.0,0,0,0,278,2,1,0.0,1,1,0,Mr
278,7.0,2,2,1,279,3,1,0.0,6,0,0,Master
279,35.0,0,2,1,280,3,0,1.0,3,0,0,Mrs
280,65.0,2,0,0,281,3,1,0.0,1,1,0,Mr
281,28.0,0,0,0,282,3,1,0.0,1,1,0,Mr
282,16.0,0,1,0,283,3,1,0.0,1,1,0,Mr
283,19.0,0,1,0,284,3,1,1.0,1,1,0,Mr
284,28.0,0,2,0,285,1,1,0.0,1,1,1,Mr
285,33.0,1,1,0,286,3,1,0.0,1,1,0,Mr
286,30.0,0,1,0,287,3,1,1.0,1,1,0,Mr
287,22.0,0,0,0,288,3,1,0.0,1,1,0,Mr
288,42.0,0,1,0,289,2,1,1.0,1,1,0,Mr
289,22.0,2,0,0,290,3,0,1.0,1,1,0,Miss
290,26.0,0,3,0,291,1,0,1.0,1,1,0,Miss
291,19.0,1,3,0,292,1,0,1.0,2,0,1,Mrs
292,36.0,1,1,0,293,2,1,0.0,1,1,1,Mr
293,24.0,0,1,0,294,3,0,0.0,1,1,0,Miss
294,24.0,0,0,0,295,3,1,0.0,1,1,0,Mr
295,28.0,1,2,0,296,1,1,0.0,1,1,0,Mr
296,23.5,1,0,0,297,3,1,0.0,1,1,0,Mr
297,2.0,0,3,2,298,1,0,0.0,4,0,1,Miss
298,28.0,0,2,0,299,1,1,1.0,1,1,1,Mr
299,50.0,1,3,1,300,1,0,1.0,2,0,1,Mrs
300,28.0,2,0,0,301,3,0,1.0,1,1,0,Miss
301,28.0,2,2,0,302,3,1,1.0,3,0,0,Mr
302,19.0,0,0,0,303,3,1,0.0,1,1,0,Mr
303,28.0,2,1,0,304,2,0,1.0,1,1,1,Miss
304,28.0,0,1,0,305,3,1,0.0,1,1,0,Mr
305,0.92,0,3,2,306,1,1,1.0,4,0,1,Master
306,28.0,1,3,0,307,1,0,1.0,1,1,0,Miss
307,17.0,1,3,0,308,1,0,1.0,2,0,1,Mrs
308,30.0,1,2,0,309,2,1,0.0,2,0,0,Mr
309,30.0,1,3,0,310,1,0,1.0,1,1,1,Miss
310,24.0,1,3,0,311,1,0,1.0,1,1,1,Miss
311,18.0,1,3,2,312,1,0,1.0,5,0,1,Miss
312,26.0,0,2,1,313,2,0,0.0,3,0,0,Mrs
313,28.0,0,0,0,314,3,1,0.0,1,1,0,Mr
314,43.0,0,2,1,315,2,1,0.0,3,0,0,Mr
315,26.0,0,0,0,316,3,0,1.0,1,1,0,Miss
316,24.0,0,2,0,317,2,0,1.0,2,0,0,Mrs
317,54.0,0,1,0,318,2,1,0.0,1,1,0,Rare
318,31.0,0,3,2,319,1,0,1.0,3,0,1,Miss
319,40.0,1,3,1,320,1,0,1.0,3,0,1,Mrs
320,22.0,0,0,0,321,3,1,0.0,1,1,0,Mr
321,27.0,0,0,0,322,3,1,0.0,1,1,0,Mr
322,30.0,2,1,0,323,2,0,1.0,1,1,0,Miss
323,22.0,0,2,1,324,2,0,1.0,3,0,0,Mrs
324,28.0,0,3,2,325,3,1,0.0,11,0,0,Mr
325,36.0,1,3,0,326,1,0,1.0,1,1,1,Miss
326,61.0,0,0,0,327,3,1,0.0,1,1,0,Mr
327,36.0,0,1,0,328,2,0,1.0,1,1,1,Mrs
328,31.0,0,2,1,329,3,0,1.0,3,0,0,Mrs
329,16.0,1,3,1,330,1,0,1.0,2,0,1,Miss
330,28.0,2,2,0,331,3,0,1.0,3,0,0,Miss
331,45.5,0,2,0,332,1,1,0.0,1,1,1,Mr
332,38.0,0,3,1,333,1,1,0.0,2,0,1,Mr
333,16.0,0,2,0,334,3,1,0.0,3,0,0,Mr
334,28.0,0,3,0,335,1,0,1.0,2,0,0,Mrs
335,28.0,0,0,0,336,3,1,0.0,1,1,0,Mr
336,29.0,0,3,0,337,1,1,0.0,2,0,1,Mr
337,41.0,1,3,0,338,1,0,1.0,1,1,1,Miss
338,45.0,0,1,0,339,3,1,1.0,1,1,0,Mr
339,45.0,0,3,0,340,1,1,0.0,1,1,1,Mr
340,2.0,0,2,1,341,2,1,1.0,3,0,1,Master
341,24.0,0,3,2,342,1,0,1.0,6,0,1,Miss
342,28.0,0,1,0,343,2,1,0.0,1,1,0,Mr
343,25.0,0,1,0,344,2,1,0.0,1,1,0,Mr
344,36.0,0,1,0,345,2,1,0.0,1,1,0,Mr
345,24.0,0,1,0,346,2,0,1.0,1,1,1,Miss
346,40.0,0,1,0,347,2,0,1.0,1,1,0,Miss
347,28.0,0,2,0,348,3,0,1.0,2,0,0,Mrs
348,3.0,0,2,1,349,3,1,1.0,3,0,0,Master
349,42.0,0,1,0,350,3,1,0.0,1,1,0,Mr
350,23.0,0,1,0,351,3,1,0.0,1,1,0,Mr
351,28.0,0,3,0,352,1,1,0.0,1,1,1,Mr
352,15.0,1,0,1,353,3,1,0.0,3,0,0,Mr
353,25.0,0,2,0,354,3,1,0.0,2,0,0,Mr
354,28.0,1,0,0,355,3,1,0.0,1,1,0,Mr
355,28.0,0,1,0,356,3,1,0.0,1,1,0,Mr
356,22.0,0,3,1,357,1,0,1.0,2,0,1,Miss
357,38.0,0,1,0,358,2,0,0.0,1,1,0,Miss
358,28.0,2,0,0,359,3,0,1.0,1,1,0,Miss
359,28.0,2,0,0,360,3,0,1.0,1,1,0,Miss
360,40.0,0,2,4,361,3,1,0.0,6,0,0,Mr
361,29.0,1,2,0,362,2,1,0.0,2,0,0,Mr
362,45.0,1,2,1,363,3,0,0.0,2,0,0,Mrs
363,35.0,0,0,0,364,3,1,0.0,1,1,0,Mr
364,28.0,2,2,0,365,3,1,0.0,2,0,0,Mr
365,30.0,0,0,0,366,3,1,0.0,1,1,0,Mr
366,60.0,1,3,0,367,1,0,1.0,2,0,1,Mrs
367,28.0,1,0,0,368,3,0,1.0,1,1,0,Mrs
368,28.0,2,0,0,369,3,0,1.0,1,1,0,Miss
369,24.0,1,3,0,370,1,0,1.0,1,1,1,Mrs
370,25.0,1,3,0,371,1,1,1.0,2,0,1,Mr
371,18.0,0,0,0,372,3,1,0.0,2,0,0,Mr
372,19.0,0,1,0,373,3,1,0.0,1,1,0,Mr
373,22.0,1,3,0,374,1,1,0.0,1,1,0,Mr
374,3.0,0,2,1,375,3,0,0.0,5,0,0,Miss
375,28.0,1,3,0,376,1,0,1.0,2,0,0,Mrs
376,22.0,0,0,0,377,3,0,1.0,1,1,0,Miss
377,27.0,1,3,2,378,1,1,0.0,3,0,1,Mr
378,20.0,1,0,0,379,3,1,0.0,1,1,0,Mr
379,19.0,0,0,0,380,3,1,0.0,1,1,0,Mr
380,42.0,1,3,0,381,1,0,1.0,1,1,0,Miss
381,1.0,1,2,2,382,3,0,1.0,3,0,0,Miss
382,32.0,0,1,0,383,3,1,0.0,1,1,0,Mr
383,35.0,0,3,0,384,1,0,1.0,2,0,0,Mrs
384,28.0,0,0,0,385,3,1,0.0,1,1,0,Mr
385,18.0,0,3,0,386,2,1,0.0,1,1,0,Mr
386,1.0,0,3,2,387,3,1,0.0,8,0,0,Master
387,36.0,0,1,0,388,2,0,1.0,1,1,0,Miss
388,28.0,2,0,0,389,3,1,0.0,1,1,0,Mr
389,17.0,1,1,0,390,2,0,1.0,1,1,0,Miss
390,36.0,0,3,2,391,1,1,1.0,4,0,1,Mr
391,21.0,0,0,0,392,3,1,1.0,1,1,0,Mr
392,28.0,0,1,0,393,3,1,0.0,3,0,0,Mr
393,23.0,1,3,0,394,1,0,1.0,2,0,1,Miss
394,24.0,0,2,2,395,3,0,1.0,3,0,1,Mrs
395,22.0,0,0,0,396,3,1,0.0,1,1,0,Mr
396,31.0,0,0,0,397,3,0,0.0,1,1,0,Miss
397,46.0,0,2,0,398,2,1,0.0,1,1,0,Mr
398,23.0,0,1,0,399,2,1,0.0,1,1,0,Rare
399,28.0,0,1,0,400,2,0,1.0,1,1,0,Mrs
400,39.0,0,1,0,401,3,1,1.0,1,1,0,Mr
401,26.0,0,1,0,402,3,1,0.0,1,1,0,Mr
402,21.0,0,1,0,403,3,0,0.0,2,0,0,Miss
403,28.0,0,2,0,404,3,1,0.0,2,0,0,Mr
404,20.0,0,1,0,405,3,0,0.0,1,1,0,Miss
405,34.0,0,2,0,406,2,1,0.0,2,0,0,Mr
406,51.0,0,0,0,407,3,1,0.0,1,1,0,Mr
407,3.0,0,2,1,408,2,1,1.0,3,0,0,Master
408,21.0,0,0,0,409,3,1,0.0,1,1,0,Mr
409,28.0,0,2,1,410,3,0,0.0,5,0,0,Miss
410,28.0,0,0,0,411,3,1,0.0,1,1,0,Mr
411,28.0,2,0,0,412,3,1,0.0,1,1,0,Mr
412,33.0,2,3,0,413,1,0,1.0,2,0,1,Miss
413,28.0,0,0,0,414,2,1,0.0,1,1,0,Mr
414,44.0,0,1,0,415,3,1,1.0,1,1,0,Mr
415,28.0,0,1,0,416,3,0,0.0,1,1,0,Mrs
416,34.0,0,3,1,417,2,0,1.0,3,0,0,Mrs
417,18.0,0,1,2,418,2,0,1.0,3,0,0,Miss
418,30.0,0,1,0,419,2,1,0.0,1,1,0,Mr
419,10.0,0,2,2,420,3,0,0.0,3,0,0,Miss
420,28.0,1,0,0,421,3,1,0.0,1,1,0,Mr
421,21.0,2,0,0,422,3,1,0.0,1,1,0,Mr
422,29.0,0,0,0,423,3,1,0.0,1,1,0,Mr
423,28.0,0,1,1,424,3,0,0.0,3,0,0,Mrs
424,18.0,0,2,1,425,3,1,0.0,3,0,0,Mr
425,28.0,0,0,0,426,3,1,0.0,1,1,0,Mr
426,28.0,0,2,0,427,2,0,1.0,2,0,0,Mrs
427,19.0,0,2,0,428,2,0,1.0,1,1,0,Miss
428,28.0,2,0,0,429,3,1,0.0,1,1,0,Mr
429,32.0,0,1,0,430,3,1,1.0,1,1,1,Mr
430,28.0,0,2,0,431,1,1,1.0,1,1,1,Mr
431,28.0,0,2,0,432,3,0,1.0,2,0,0,Mrs
432,42.0,0,2,0,433,2,0,1.0,2,0,0,Mrs
433,17.0,0,0,0,434,3,1,0.0,1,1,0,Mr
434,50.0,0,3,0,435,1,1,0.0,2,0,1,Mr
435,14.0,0,3,2,436,1,0,1.0,4,0,1,Miss
436,21.0,0,3,2,437,3,0,0.0,5,0,0,Miss
437,24.0,0,2,3,438,2,0,1.0,6,0,0,Mrs
438,64.0,0,3,4,439,1,1,0.0,6,0,1,Mr
439,31.0,0,1,0,440,2,1,0.0,1,1,0,Mr
440,45.0,0,2,1,441,2,0,1.0,3,0,0,Mrs
441,20.0,0,1,0,442,3,1,0.0,1,1,0,Mr
442,25.0,0,0,0,443,3,1,0.0,2,0,0,Mr
443,28.0,0,1,0,444,2,0,1.0,1,1,0,Miss
444,28.0,0,1,0,445,3,1,1.0,1,1,0,Mr
445,4.0,0,3,2,446,1,1,1.0,3,0,1,Master
446,13.0,0,2,1,447,2,0,1.0,2,0,0,Miss
447,34.0,0,2,0,448,1,1,1.0,1,1,0,Mr
448,5.0,1,2,1,449,3,0,1.0,4,0,0,Miss
449,52.0,0,2,0,450,1,1,1.0,1,1,1,Rare
450,36.0,0,2,2,451,2,1,0.0,4,0,0,Mr
451,28.0,0,2,0,452,3,1,0.0,2,0,0,Mr
452,30.0,1,2,0,453,1,1,0.0,1,1,1,Mr
453,49.0,1,3,0,454,1,1,1.0,2,0,1,Mr
454,28.0,0,1,0,455,3,1,0.0,1,1,0,Mr
455,29.0,1,0,0,456,3,1,1.0,1,1,0,Mr
456,65.0,0,2,0,457,1,1,0.0,1,1,1,Mr
457,28.0,0,3,0,458,1,0,1.0,2,0,1,Mrs
458,50.0,0,1,0,459,2,0,1.0,1,1,0,Miss
459,28.0,2,0,0,460,3,1,0.0,1,1,0,Mr
460,48.0,0,2,0,461,1,1,1.0,1,1,1,Mr
461,34.0,0,1,0,462,3,1,0.0,1,1,0,Mr
462,47.0,0,3,0,463,1,1,0.0,1,1,1,Mr
463,48.0,0,1,0,464,2,1,0.0,1,1,0,Mr
464,28.0,0,1,0,465,3,1,0.0,1,1,0,Mr
465,38.0,0,0,0,466,3,1,0.0,1,1,0,Mr
466,28.0,0,0,0,467,2,1,0.0,1,1,0,Mr
467,56.0,0,2,0,468,1,1,0.0,1,1,0,Mr
468,28.0,2,0,0,469,3,1,0.0,1,1,0,Mr
469,0.75,1,2,1,470,3,0,1.0,4,0,0,Miss
470,28.0,0,0,0,471,3,1,0.0,1,1,0,Mr
471,38.0,0,1,0,472,3,1,0.0,1,1,0,Mr
472,33.0,0,2,2,473,2,0,1.0,4,0,0,Mrs
473,23.0,1,1,0,474,2,0,1.0,1,1,1,Mrs
474,22.0,0,1,0,475,3,0,0.0,1,1,0,Miss
475,28.0,0,3,0,476,1,1,0.0,1,1,1,Mr
476,34.0,0,2,0,477,2,1,0.0,2,0,0,Mr
477,29.0,0,0,0,478,3,1,0.0,2,0,0,Mr
478,22.0,0,0,0,479,3,1,0.0,1,1,0,Mr
479,2.0,0,1,1,480,3,0,1.0,2,0,0,Miss
480,9.0,0,3,2,481,3,1,0.0,8,0,0,Master
481,28.0,0,0,0,482,2,1,0.0,1,1,0,Mr
482,50.0,0,1,0,483,3,1,0.0,1,1,0,Mr
483,63.0,0,1,0,484,3,0,1.0,1,1,0,Mrs
484,25.0,1,3,0,485,1,1,1.0,2,0,1,Mr
485,28.0,0,2,1,486,3,0,0.0,5,0,0,Miss
486,35.0,0,3,0,487,1,0,1.0,2,0,1,Mrs
487,58.0,1,2,0,488,1,1,0.0,1,1,1,Mr
488,30.0,0,1,0,489,3,1,0.0,1,1,0,Mr
489,9.0,0,2,1,490,3,1,1.0,3,0,0,Master
490,28.0,0,2,0,491,3,1,0.0,2,0,0,Mr
491,21.0,0,0,0,492,3,1,0.0,1,1,0,Mr
492,55.0,0,2,0,493,1,1,0.0,1,1,1,Mr
493,71.0,1,3,0,494,1,1,0.0,1,1,0,Mr
494,21.0,0,1,0,495,3,1,0.0,1,1,0,Mr
495,28.0,1,2,0,496,3,1,0.0,1,1,0,Mr
496,54.0,1,3,0,497,1,0,1.0,2,0,1,Miss
497,28.0,0,2,0,498,3,1,0.0,1,1,0,Mr
498,25.0,0,3,2,499,1,0,0.0,4,0,1,Mrs
499,24.0,0,0,0,500,3,1,0.0,1,1,0,Mr
500,17.0,0,1,0,501,3,1,0.0,1,1,0,Mr
501,21.0,2,0,0,502,3,0,0.0,1,1,0,Miss
502,28.0,2,0,0,503,3,0,0.0,1,1,0,Miss
503,37.0,0,1,0,504,3,0,0.0,1,1,0,Miss
504,16.0,0,3,0,505,1,0,1.0,1,1,1,Miss
505,18.0,1,3,0,506,1,1,0.0,2,0,1,Mr
506,33.0,0,2,2,507,2,0,1.0,3,0,0,Mrs
507,28.0,0,2,0,508,1,1,1.0,1,1,0,Mr
508,28.0,0,2,0,509,3,1,0.0,1,1,0,Mr
509,26.0,0,3,0,510,3,1,1.0,1,1,0,Mr
510,29.0,2,0,0,511,3,1,1.0,1,1,0,Mr
511,28.0,0,1,0,512,3,1,0.0,1,1,0,Mr
512,36.0,0,2,0,513,1,1,1.0,1,1,1,Mr
513,54.0,1,3,0,514,1,0,1.0,2,0,0,Mrs
514,24.0,0,0,0,515,3,1,0.0,1,1,0,Mr
515,47.0,0,3,0,516,1,1,0.0,1,1,1,Mr
516,34.0,0,1,0,517,2,0,1.0,1,1,1,Mrs
517,28.0,2,2,0,518,3,1,0.0,1,1,0,Mr
518,36.0,0,2,0,519,2,0,1.0,2,0,0,Mrs
519,32.0,0,0,0,520,3,1,0.0,1,1,0,Mr
520,30.0,0,3,0,521,1,0,1.0,1,1,1,Miss
521,22.0,0,0,0,522,3,1,0.0,1,1,0,Mr
522,28.0,1,0,0,523,3,1,0.0,1,1,0,Mr
523,44.0,1,3,1,524,1,0,1.0,2,0,1,Mrs
524,28.0,1,0,0,525,3,1,0.0,1,1,0,Mr
525,40.5,2,0,0,526,3,1,0.0,1,1,0,Mr
526,50.0,0,1,0,527,2,0,1.0,1,1,0,Miss
527,28.0,0,3,0,528,1,1,0.0,1,1,1,Mr
528,39.0,0,1,0,529,3,1,0.0,1,1,0,Mr
529,23.0,0,1,1,530,2,1,0.0,4,0,0,Mr
530,2.0,0,2,1,531,2,0,1.0,3,0,0,Miss
531,28.0,1,0,0,532,3,1,0.0,1,1,0,Mr
532,17.0,1,0,1,533,3,1,0.0,3,0,0,Mr
533,28.0,1,2,2,534,3,0,1.0,3,0,0,Mrs
534,30.0,0,1,0,535,3,0,0.0,1,1,0,Miss
535,7.0,0,2,2,536,2,0,1.0,3,0,0,Miss
536,45.0,0,2,0,537,1,1,0.0,1,1,1,Rare
537,30.0,1,3,0,538,1,0,1.0,1,1,0,Miss
538,28.0,0,2,0,539,3,1,0.0,1,1,0,Mr
539,22.0,1,3,2,540,1,0,1.0,3,0,1,Miss
540,36.0,0,3,2,541,1,0,1.0,3,0,1,Miss
541,9.0,0,3,2,542,3,0,0.0,7,0,0,Miss
542,11.0,0,3,2,543,3,0,0.0,7,0,0,Miss
543,32.0,0,2,0,544,2,1,1.0,2,0,0,Mr
544,50.0,1,3,0,545,1,1,0.0,2,0,1,Mr
545,64.0,0,2,0,546,1,1,0.0,1,1,0,Mr
546,19.0,0,2,0,547,2,0,1.0,2,0,0,Mrs
547,28.0,1,1,0,548,2,1,1.0,1,1,0,Mr
548,33.0,0,2,1,549,3,1,0.0,3,0,0,Mr
549,8.0,0,3,1,550,2,1,1.0,3,0,0,Master
550,17.0,1,3,2,551,1,1,1.0,3,0,1,Mr
551,27.0,0,2,0,552,2,1,0.0,1,1,0,Mr
552,28.0,2,0,0,553,3,1,0.0,1,1,0,Mr
553,22.0,1,0,0,554,3,1,1.0,1,1,0,Mr
554,22.0,0,0,0,555,3,0,1.0,1,1,0,Miss
555,62.0,0,2,0,556,1,1,0.0,1,1,0,Mr
556,48.0,1,3,0,557,1,0,1.0,2,0,1,Rare
557,28.0,1,3,0,558,1,1,0.0,1,1,0,Mr
558,39.0,0,3,1,559,1,0,1.0,3,0,1,Mrs
559,36.0,0,2,0,560,3,0,1.0,2,0,0,Mrs
560,28.0,2,0,0,561,3,1,0.0,1,1,0,Mr
561,40.0,0,0,0,562,3,1,0.0,1,1,0,Mr
562,28.0,0,1,0,563,2,1,0.0,1,1,0,Mr
563,28.0,0,1,0,564,3,1,0.0,1,1,0,Mr
564,28.0,0,1,0,565,3,0,0.0,1,1,0,Miss
565,24.0,0,2,0,566,3,1,0.0,3,0,0,Mr
566,19.0,0,0,0,567,3,1,0.0,1,1,0,Mr
567,29.0,0,2,4,568,3,0,0.0,5,0,0,Mrs
568,28.0,1,0,0,569,3,1,0.0,1,1,0,Mr
569,32.0,0,0,0,570,3,1,1.0,1,1,0,Mr
570,62.0,0,1,0,571,2,1,1.0,1,1,0,Mr
571,53.0,0,3,0,572,1,0,1.0,3,0,1,Mrs
572,36.0,0,2,0,573,1,1,1.0,1,1,1,Mr
573,28.0,2,0,0,574,3,0,1.0,1,1,0,Miss
574,16.0,0,1,0,575,3,1,0.0,1,1,0,Mr
575,19.0,0,2,0,576,3,1,0.0,1,1,0,Mr
576,34.0,0,1,0,577,2,0,1.0,1,1,0,Miss
577,39.0,0,3,0,578,1,0,1.0,2,0,1,Mrs
578,28.0,1,2,0,579,3,0,0.0,2,0,0,Mrs
579,32.0,0,1,0,580,3,1,1.0,1,1,0,Mr
580,25.0,0,2,1,581,2,0,1.0,3,0,0,Miss
581,39.0,1,3,1,582,1,0,1.0,3,0,1,Mrs
582,54.0,0,2,0,583,2,1,0.0,1,1,0,Mr
583,36.0,1,3,0,584,1,1,0.0,1,1,1,Mr
584,28.0,1,1,0,585,3,1,0.0,1,1,0,Mr
585,18.0,0,3,2,586,1,0,1.0,3,0,1,Miss
586,47.0,0,2,0,587,2,1,0.0,1,1,0,Mr
587,60.0,1,3,1,588,1,1,1.0,3,0,1,Mr
588,22.0,0,1,0,589,3,1,0.0,1,1,0,Mr
589,28.0,0,1,0,590,3,1,0.0,1,1,0,Mr
590,35.0,0,0,0,591,3,1,0.0,1,1,0,Mr
591,52.0,1,3,0,592,1,0,1.0,2,0,1,Mrs
592,47.0,0,0,0,593,3,1,0.0,1,1,0,Mr
593,28.0,2,0,2,594,3,0,0.0,3,0,0,Miss
594,37.0,0,2,0,595,2,1,0.0,2,0,0,Mr
595,36.0,0,2,1,596,3,1,0.0,3,0,0,Mr
596,28.0,0,3,0,597,2,0,1.0,1,1,0,Miss
597,49.0,0,0,0,598,3,1,0.0,1,1,0,Mr
598,28.0,1,0,0,599,3,1,0.0,1,1,0,Mr
599,49.0,1,3,0,600,1,1,1.0,2,0,1,Rare
600,24.0,0,2,1,601,2,0,1.0,4,0,0,Mrs
601,28.0,0,0,0,602,3,1,0.0,1,1,0,Mr
602,28.0,0,3,0,603,1,1,0.0,1,1,0,Mr
603,44.0,0,1,0,604,3,1,0.0,1,1,0,Mr
604,35.0,1,2,0,605,1,1,1.0,1,1,0,Mr
605,36.0,0,2,0,606,3,1,0.0,2,0,0,Mr
606,30.0,0,0,0,607,3,1,0.0,1,1,0,Mr
607,27.0,0,2,0,608,1,1,1.0,1,1,0,Mr
608,22.0,1,3,2,609,2,0,1.0,4,0,0,Mrs
609,40.0,0,3,0,610,1,0,1.0,1,1,1,Miss
610,39.0,0,3,5,611,3,0,0.0,7,0,0,Mrs
611,28.0,0,0,0,612,3,1,0.0,1,1,0,Mr
612,28.0,2,2,0,613,3,0,1.0,2,0,0,Miss
613,28.0,2,0,0,614,3,1,0.0,1,1,0,Mr
614,35.0,0,1,0,615,3,1,0.0,1,1,0,Mr
615,24.0,0,3,2,616,2,0,1.0,4,0,0,Miss
616,34.0,0,1,1,617,3,1,0.0,3,0,0,Mr
617,26.0,0,2,0,618,3,0,0.0,2,0,0,Mrs
618,4.0,0,3,1,619,2,0,1.0,4,0,1,Miss
619,26.0,0,1,0,620,2,1,0.0,1,1,0,Mr
620,27.0,1,2,0,621,3,1,0.0,2,0,0,Mr
621,42.0,0,3,0,622,1,1,1.0,2,0,1,Mr
622,20.0,1,2,1,623,3,1,1.0,3,0,0,Mr
623,21.0,0,0,0,624,3,1,0.0,1,1,0,Mr
624,21.0,0,2,0,625,3,1,0.0,1,1,0,Mr
625,61.0,0,3,0,626,1,1,0.0,1,1,1,Mr
626,57.0,2,1,0,627,2,1,0.0,1,1,0,Rare
627,21.0,0,3,0,628,1,0,1.0,1,1,1,Miss
628,26.0,0,0,0,629,3,1,0.0,1,1,0,Mr
629,28.0,2,0,0,630,3,1,0.0,1,1,0,Mr
630,80.0,0,2,0,631,1,1,1.0,1,1,1,Mr
631,51.0,0,0,0,632,3,1,0.0,1,1,0,Mr
632,32.0,1,2,0,633,1,1,1.0,1,1,1,Rare
633,28.0,0,0,0,634,1,1,0.0,1,1,0,Mr
634,9.0,0,2,2,635,3,0,0.0,6,0,0,Miss
635,28.0,0,1,0,636,2,0,1.0,1,1,0,Miss
636,32.0,0,1,0,637,3,1,0.0,1,1,0,Mr
637,31.0,0,2,1,638,2,1,0.0,3,0,0,Mr
638,41.0,0,3,5,639,3,0,0.0,6,0,0,Mrs
639,28.0,0,2,0,640,3,1,0.0,2,0,0,Mr
640,20.0,0,0,0,641,3,1,0.0,1,1,0,Mr
641,24.0,1,3,0,642,1,0,1.0,1,1,1,Miss
642,2.0,0,2,2,643,3,0,0.0,6,0,0,Miss
643,28.0,0,3,0,644,3,1,1.0,1,1,0,Mr
644,0.75,1,2,1,645,3,0,1.0,4,0,0,Miss
645,48.0,1,3,0,646,1,1,1.0,2,0,1,Mr
646,19.0,0,0,0,647,3,1,0.0,1,1,0,Mr
647,56.0,1,3,0,648,1,1,1.0,1,1,1,Rare
648,28.0,0,0,0,649,3,1,0.0,1,1,0,Mr
649,23.0,0,0,0,650,3,0,1.0,1,1,0,Miss
650,28.0,0,0,0,651,3,1,0.0,1,1,0,Mr
651,18.0,0,2,1,652,2,0,1.0,2,0,0,Miss
652,21.0,0,1,0,653,3,1,0.0,1,1,0,Mr
653,28.0,2,0,0,654,3,0,1.0,1,1,0,Miss
654,18.0,2,0,0,655,3,0,0.0,1,1,0,Miss
655,24.0,0,3,0,656,2,1,0.0,3,0,0,Mr
656,28.0,0,0,0,657,3,1,0.0,1,1,0,Mr
657,32.0,2,2,1,658,3,0,0.0,3,0,0,Mrs
658,23.0,0,1,0,659,2,1,0.0,1,1,0,Mr
659,58.0,1,3,2,660,1,1,0.0,3,0,1,Mr
660,50.0,0,3,0,661,1,1,1.0,3,0,0,Rare
661,40.0,1,0,0,662,3,1,0.0,1,1,0,Mr
662,47.0,0,2,0,663,1,1,0.0,1,1,1,Mr
663,36.0,0,0,0,664,3,1,0.0,1,1,0,Mr
664,20.0,0,1,0,665,3,1,1.0,2,0,0,Mr
665,32.0,0,3,0,666,2,1,0.0,3,0,0,Mr
666,25.0,0,1,0,667,2,1,0.0,1,1,0,Mr
667,28.0,0,0,0,668,3,1,0.0,1,1,0,Mr
668,43.0,0,1,0,669,3,1,0.0,1,1,0,Mr
669,28.0,0,3,0,670,1,0,1.0,2,0,1,Mrs
670,40.0,0,3,1,671,2,0,1.0,3,0,0,Mrs
671,31.0,0,3,0,672,1,1,0.0,2,0,1,Mr
672,70.0,0,1,0,673,2,1,0.0,1,1,0,Mr
673,31.0,0,1,0,674,2,1,1.0,1,1,0,Mr
674,28.0,0,0,0,675,2,1,0.0,1,1,0,Mr
675,18.0,0,0,0,676,3,1,0.0,1,1,0,Mr
676,24.5,0,1,0,677,3,1,0.0,1,1,0,Mr
677,18.0,0,1,0,678,3,0,1.0,1,1,0,Miss
678,43.0,0,3,6,679,3,0,0.0,8,0,0,Mrs
679,36.0,1,3,1,680,1,1,1.0,2,0,1,Mr
680,28.0,2,1,0,681,3,0,0.0,1,1,0,Miss
681,27.0,1,3,0,682,1,1,1.0,1,1,1,Mr
682,20.0,0,1,0,683,3,1,0.0,1,1,0,Mr
683,14.0,0,3,2,684,3,1,0.0,8,0,0,Mr
684,60.0,0,3,1,685,2,1,0.0,3,0,0,Mr
685,25.0,1,3,2,686,2,1,0.0,4,0,0,Mr
686,14.0,0,3,1,687,3,1,0.0,6,0,0,Mr
687,19.0,0,1,0,688,3,1,0.0,1,1,0,Mr
688,18.0,0,0,0,689,3,1,0.0,1,1,0,Mr
689,15.0,0,3,1,690,1,0,1.0,2,0,1,Miss
690,31.0,0,3,0,691,1,1,1.0,2,0,1,Mr
691,4.0,1,1,1,692,3,0,1.0,2,0,0,Miss
692,28.0,0,3,0,693,3,1,1.0,1,1,0,Mr
693,25.0,1,0,0,694,3,1,0.0,1,1,0,Mr
694,60.0,0,2,0,695,1,1,0.0,1,1,0,Rare
695,52.0,0,1,0,696,2,1,0.0,1,1,0,Mr
696,44.0,0,1,0,697,3,1,0.0,1,1,0,Mr
697,28.0,2,0,0,698,3,0,1.0,1,1,0,Miss
698,49.0,1,3,1,699,1,1,0.0,3,0,1,Mr
699,42.0,0,0,0,700,3,1,0.0,1,1,1,Mr
700,18.0,1,3,0,701,1,0,1.0,2,0,1,Mrs
701,35.0,0,2,0,702,1,1,1.0,1,1,1,Mr
702,18.0,1,2,1,703,3,0,0.0,2,0,0,Miss
703,25.0,2,0,0,704,3,1,0.0,1,1,0,Mr
704,26.0,0,0,0,705,3,1,0.0,2,0,0,Mr
705,39.0,0,2,0,706,2,1,0.0,1,1,0,Mr
706,45.0,0,1,0,707,2,0,1.0,1,1,0,Mrs
707,42.0,0,2,0,708,1,1,1.0,1,1,1,Mr
708,22.0,0,3,0,709,1,0,1.0,1,1,0,Miss
709,28.0,1,2,1,710,3,1,1.0,3,0,0,Master
710,24.0,1,3,0,711,1,0,1.0,1,1,1,Miss
711,28.0,0,2,0,712,1,1,0.0,1,1,1,Mr
712,48.0,0,3,0,713,1,1,1.0,2,0,1,Mr
713,29.0,0,1,0,714,3,1,0.0,1,1,0,Mr
714,52.0,0,1,0,715,2,1,0.0,1,1,0,Mr
715,19.0,0,0,0,716,3,1,0.0,1,1,1,Mr
716,38.0,1,3,0,717,1,0,1.0,1,1,1,Miss
717,27.0,0,1,0,718,2,0,1.0,1,1,1,Miss
718,28.0,2,2,0,719,3,1,0.0,1,1,0,Mr
719,33.0,0,0,0,720,3,1,0.0,1,1,0,Mr
720,6.0,0,3,1,721,2,0,1.0,2,0,0,Miss
721,17.0,0,0,0,722,3,1,0.0,2,0,0,Mr
722,34.0,0,1,0,723,2,1,0.0,1,1,0,Mr
723,50.0,0,1,0,724,2,1,0.0,1,1,0,Mr
724,27.0,0,3,0,725,1,1,1.0,2,0,1,Mr
725,20.0,0,1,0,726,3,1,0.0,1,1,0,Mr
726,30.0,0,2,0,727,2,0,1.0,4,0,0,Mrs
727,28.0,2,0,0,728,3,0,1.0,1,1,0,Miss
728,25.0,0,2,0,729,2,1,0.0,2,0,0,Mr
729,25.0,0,1,0,730,3,0,0.0,2,0,0,Miss
730,29.0,0,3,0,731,1,0,1.0,1,1,1,Miss
731,11.0,1,2,0,732,3,1,0.0,1,1,0,Mr
732,28.0,0,0,0,733,2,1,0.0,1,1,0,Mr
733,23.0,0,1,0,734,2,1,0.0,1,1,0,Mr
734,23.0,0,1,0,735,2,1,0.0,1,1,0,Mr
735,28.5,0,2,0,736,3,1,0.0,1,1,0,Mr
736,48.0,0,3,3,737,3,0,0.0,5,0,0,Mrs
737,35.0,1,3,0,738,1,1,1.0,1,1,1,Mr
738,28.0,0,0,0,739,3,1,0.0,1,1,0,Mr
739,28.0,0,0,0,740,3,1,0.0,1,1,0,Mr
740,28.0,0,2,0,741,1,1,1.0,1,1,1,Mr
741,36.0,0,3,0,742,1,1,0.0,2,0,1,Mr
742,21.0,1,3,2,743,1,0,1.0,5,0,1,Miss
743,24.0,0,2,0,744,3,1,0.0,2,0,0,Mr
744,31.0,0,1,0,745,3,1,1.0,1,1,0,Mr
745,70.0,0,3,1,746,1,1,0.0,3,0,1,Rare
746,16.0,0,2,1,747,3,1,0.0,3,0,0,Mr
747,30.0,0,1,0,748,2,0,1.0,1,1,0,Miss
748,19.0,0,3,0,749,1,1,0.0,2,0,1,Mr
749,31.0,2,0,0,750,3,1,0.0,1,1,0,Mr
750,4.0,0,2,1,751,2,0,1.0,3,0,0,Miss
751,6.0,0,1,1,752,3,1,1.0,2,0,1,Master
752,33.0,0,1,0,753,3,1,0.0,1,1,0,Mr
753,23.0,0,0,0,754,3,1,0.0,1,1,0,Mr
754,48.0,0,3,2,755,2,0,1.0,4,0,0,Mrs
755,0.67,0,2,1,756,2,1,1.0,3,0,0,Master
756,28.0,0,0,0,757,3,1,0.0,1,1,0,Mr
757,18.0,0,1,0,758,2,1,0.0,1,1,0,Mr
758,34.0,0,1,0,759,3,1,0.0,1,1,0,Mr
759,33.0,0,3,0,760,1,0,1.0,1,1,1,Rare
760,28.0,0,2,0,761,3,1,0.0,1,1,0,Mr
761,41.0,0,0,0,762,3,1,0.0,1,1,0,Mr
762,20.0,1,0,0,763,3,1,1.0,1,1,0,Mr
763,36.0,0,3,2,764,1,0,1.0,4,0,1,Mrs
764,16.0,0,0,0,765,3,1,0.0,1,1,0,Mr
765,51.0,0,3,0,766,1,0,1.0,2,0,1,Mrs
766,28.0,1,3,0,767,1,1,0.0,1,1,0,Rare
767,30.5,2,0,0,768,3,0,0.0,1,1,0,Miss
768,28.0,2,2,0,769,3,1,0.0,2,0,0,Mr
769,32.0,0,1,0,770,3,1,0.0,1,1,0,Mr
770,24.0,0,1,0,771,3,1,0.0,1,1,0,Mr
771,48.0,0,0,0,772,3,1,0.0,1,1,0,Mr
772,57.0,0,1,0,773,2,0,0.0,1,1,1,Mrs
773,28.0,1,0,0,774,3,1,0.0,1,1,0,Mr
774,54.0,0,2,3,775,2,0,1.0,5,0,0,Mrs
775,18.0,0,0,0,776,3,1,0.0,1,1,0,Mr
776,28.0,2,0,0,777,3,1,0.0,1,1,1,Mr
777,5.0,0,1,0,778,3,0,1.0,1,1,0,Miss
778,28.0,2,0,0,779,3,1,0.0,1,1,0,Mr
779,43.0,0,3,1,780,1,0,1.0,2,0,1,Mrs
780,13.0,1,0,0,781,3,0,1.0,1,1,0,Miss
781,17.0,0,3,0,782,1,0,1.0,2,0,1,Mrs
782,29.0,0,2,0,783,1,1,0.0,1,1,1,Mr
783,28.0,0,2,2,784,3,1,0.0,4,0,0,Mr
784,25.0,0,0,0,785,3,1,0.0,1,1,0,Mr
785,25.0,0,0,0,786,3,1,0.0,1,1,0,Mr
786,18.0,0,0,0,787,3,0,1.0,1,1,0,Miss
787,8.0,2,2,1,788,3,1,0.0,6,0,0,Master
788,1.0,0,2,2,789,3,1,1.0,4,0,0,Master
789,46.0,1,3,0,790,1,1,0.0,1,1,1,Mr
790,28.0,2,0,0,791,3,1,0.0,1,1,0,Mr
791,16.0,0,2,0,792,2,1,0.0,1,1,0,Mr
792,28.0,0,3,2,793,3,0,0.0,11,0,0,Miss
793,28.0,1,2,0,794,1,1,0.0,1,1,0,Mr
794,25.0,0,0,0,795,3,1,0.0,1,1,0,Mr
795,39.0,0,1,0,796,2,1,0.0,1,1,0,Mr
796,49.0,0,2,0,797,1,0,1.0,1,1,1,Rare
797,31.0,0,1,0,798,3,0,1.0,1,1,0,Mrs
798,30.0,1,0,0,799,3,1,0.0,1,1,0,Mr
799,30.0,0,2,1,800,3,0,0.0,3,0,0,Mrs
800,34.0,0,1,0,801,2,1,0.0,1,1,0,Mr
801,31.0,0,2,1,802,2,0,1.0,3,0,0,Mrs
802,11.0,0,3,2,803,1,1,1.0,4,0,1,Master
803,0.42,1,1,1,804,3,1,1.0,2,0,0,Master
804,27.0,0,0,0,805,3,1,1.0,1,1,0,Mr
805,31.0,0,0,0,806,3,1,0.0,1,1,0,Mr
806,39.0,0,0,0,807,1,1,0.0,1,1,1,Mr
807,18.0,0,0,0,808,3,0,0.0,1,1,0,Miss
808,39.0,0,1,0,809,2,1,0.0,1,1,0,Mr
809,33.0,0,3,0,810,1,0,1.0,2,0,1,Mrs
810,26.0,0,0,0,811,3,1,0.0,1,1,0,Mr
811,39.0,0,2,0,812,3,1,0.0,1,1,0,Mr
812,35.0,0,1,0,813,2,1,0.0,1,1,0,Mr
813,6.0,0,3,2,814,3,0,0.0,7,0,0,Miss
814,30.5,0,1,0,815,3,1,0.0,1,1,0,Mr
815,28.0,0,0,0,816,1,1,0.0,1,1,1,Mr
816,23.0,0,1,0,817,3,0,0.0,1,1,0,Miss
817,31.0,1,3,1,818,2,1,0.0,3,0,0,Mr
818,43.0,0,0,0,819,3,1,0.0,1,1,0,Mr
819,10.0,0,2,2,820,3,1,0.0,6,0,0,Master
820,52.0,0,3,1,821,1,0,1.0,3,0,1,Mrs
821,27.0,0,1,0,822,3,1,1.0,1,1,0,Mr
822,38.0,0,0,0,823,1,1,0.0,1,1,0,Rare
823,27.0,0,1,1,824,3,0,1.0,2,0,1,Mrs
824,2.0,0,3,1,825,3,1,0.0,6,0,0,Master
825,28.0,2,0,0,826,3,1,0.0,1,1,0,Mr
826,28.0,0,3,0,827,3,1,0.0,1,1,0,Mr
827,1.0,1,3,2,828,2,1,1.0,3,0,0,Master
828,28.0,2,0,0,829,3,1,1.0,1,1,0,Mr
829,62.0,0,3,0,830,1,0,1.0,1,1,1,Mrs
830,15.0,1,2,0,831,3,0,1.0,2,0,0,Mrs
831,0.83,0,2,1,832,2,1,1.0,3,0,0,Master
832,28.0,1,0,0,833,3,1,0.0,1,1,0,Mr
833,23.0,0,0,0,834,3,1,0.0,1,1,0,Mr
834,18.0,0,1,0,835,3,1,0.0,1,1,0,Mr
835,39.0,1,3,1,836,1,0,1.0,3,0,1,Miss
836,21.0,0,1,0,837,3,1,0.0,1,1,0,Mr
837,28.0,0,1,0,838,3,1,0.0,1,1,0,Mr
838,32.0,0,3,0,839,3,1,1.0,1,1,0,Mr
839,28.0,1,2,0,840,1,1,1.0,1,1,1,Mr
840,20.0,0,1,0,841,3,1,0.0,1,1,0,Mr
841,16.0,0,1,0,842,2,1,0.0,1,1,0,Mr
842,30.0,1,2,0,843,1,0,1.0,1,1,0,Miss
843,34.5,1,0,0,844,3,1,0.0,1,1,0,Mr
844,17.0,0,1,0,845,3,1,0.0,1,1,0,Mr
845,42.0,0,0,0,846,3,1,0.0,1,1,0,Mr
846,28.0,0,3,2,847,3,1,0.0,11,0,0,Mr
847,35.0,1,0,0,848,3,1,0.0,1,1,0,Mr
848,28.0,0,3,1,849,2,1,0.0,2,0,0,Rare
849,28.0,1,3,0,850,1,0,1.0,2,0,1,Mrs
850,4.0,0,3,2,851,3,1,0.0,7,0,0,Master
851,74.0,0,0,0,852,3,1,0.0,1,1,0,Mr
852,9.0,1,2,1,853,3,0,0.0,3,0,0,Miss
853,16.0,0,3,1,854,1,0,1.0,2,0,1,Miss
854,44.0,0,2,0,855,2,0,0.0,2,0,0,Mrs
855,18.0,0,1,1,856,3,0,1.0,2,0,0,Mrs
856,45.0,0,3,1,857,1,0,1.0,3,0,0,Mrs
857,51.0,0,2,0,858,1,1,1.0,1,1,1,Mr
858,24.0,1,2,3,859,3,0,1.0,4,0,0,Mrs
859,28.0,1,0,0,860,3,1,0.0,1,1,0,Mr
860,41.0,0,1,0,861,3,1,0.0,3,0,0,Mr
861,21.0,0,1,0,862,2,1,0.0,2,0,0,Mr
862,48.0,0,2,0,863,1,0,1.0,1,1,1,Mrs
863,28.0,0,3,2,864,3,0,0.0,11,0,0,Miss
864,24.0,0,1,0,865,2,1,0.0,1,1,0,Mr
865,42.0,0,1,0,866,2,0,1.0,1,1,0,Mrs
866,27.0,1,1,0,867,2,0,1.0,2,0,0,Miss
867,31.0,0,3,0,868,1,1,0.0,1,1,1,Mr
868,28.0,0,1,0,869,3,1,0.0,1,1,0,Mr
869,4.0,0,1,1,870,3,1,1.0,3,0,0,Master
870,26.0,0,0,0,871,3,1,0.0,1,1,0,Mr
871,47.0,0,3,1,872,1,0,1.0,3,0,1,Mrs
872,33.0,0,0,0,873,1,1,0.0,1,1,1,Mr
873,47.0,0,1,0,874,3,1,0.0,1,1,0,Mr
874,28.0,1,2,0,875,2,0,1.0,2,0,0,Mrs
875,15.0,1,0,0,876,3,0,1.0,1,1,0,Miss
876,20.0,0,1,0,877,3,1,0.0,1,1,0,Mr
877,19.0,0,0,0,878,3,1,0.0,1,1,0,Mr
878,28.0,0,0,0,879,3,1,0.0,1,1,0,Mr
879,56.0,1,3,1,880,1,0,1.0,2,0,1,Mrs
880,25.0,0,2,1,881,2,0,1.0,2,0,0,Mrs
881,33.0,0,0,0,882,3,1,0.0,1,1,0,Mr
882,22.0,0,1,0,883,3,0,0.0,1,1,0,Miss
883,28.0,0,1,0,884,2,1,0.0,1,1,0,Mr
884,25.0,0,0,0,885,3,1,0.0,1,1,0,Mr
885,39.0,2,2,5,886,3,0,0.0,6,0,0,Mrs
886,27.0,0,1,0,887,2,1,0.0,1,1,0,Rare
887,19.0,0,2,0,888,1,0,1.0,1,1,1,Miss
888,28.0,0,2,2,889,3,0,0.0,4,0,0,Miss
889,26.0,1,2,0,890,1,1,1.0,1,1,1,Mr
890,32.0,2,0,0,891,3,1,0.0,1,1,0,Mr
0,34.5,2,0,0,892,3,1,,1,1,0,Mr
1,47.0,0,0,0,893,3,0,,2,0,0,Mrs
2,62.0,2,1,0,894,2,1,,1,1,0,Mr
3,27.0,0,1,0,895,3,1,,1,1,0,Mr
4,22.0,0,1,1,896,3,0,,3,0,0,Mrs
5,14.0,0,1,0,897,3,1,,1,1,0,Mr
6,30.0,2,0,0,898,3,0,,1,1,0,Miss
7,26.0,0,2,1,899,2,1,,3,0,0,Mr
8,18.0,1,0,0,900,3,0,,1,1,0,Mrs
9,21.0,0,2,0,901,3,1,,3,0,0,Mr
10,28.0,0,0,0,902,3,1,,1,1,0,Mr
11,46.0,0,2,0,903,1,1,,1,1,0,Mr
12,23.0,0,3,0,904,1,0,,2,0,1,Mrs
13,63.0,0,2,0,905,2,1,,2,0,0,Mr
14,47.0,0,3,0,906,1,0,,2,0,1,Mrs
15,24.0,1,2,0,907,2,0,,2,0,0,Mrs
16,35.0,2,1,0,908,2,1,,1,1,0,Mr
17,21.0,1,0,0,909,3,1,,1,1,0,Mr
18,27.0,0,1,0,910,3,0,,2,0,0,Miss
19,45.0,1,0,0,911,3,0,,1,1,0,Mrs
20,55.0,1,3,0,912,1,1,,2,0,0,Mr
21,9.0,0,0,1,913,3,1,,2,0,0,Master
22,28.0,0,3,0,914,1,0,,1,1,0,Mrs
23,21.0,1,3,1,915,1,1,,2,0,0,Mr
24,48.0,1,3,3,916,1,0,,5,0,1,Mrs
25,50.0,0,2,0,917,3,1,,2,0,0,Mr
26,22.0,1,3,1,918,1,0,,2,0,1,Miss
27,22.5,1,0,0,919,3,1,,1,1,0,Mr
28,41.0,0,2,0,920,1,1,,1,1,1,Mr
29,28.0,1,2,0,921,3,1,,3,0,0,Mr
30,50.0,0,2,0,922,2,1,,2,0,0,Mr
31,24.0,0,3,0,923,2,1,,3,0,0,Mr
32,33.0,0,2,2,924,3,0,,4,0,0,Mrs
33,28.0,0,2,2,925,3,0,,4,0,0,Mrs
34,30.0,1,3,0,926,1,1,,2,0,1,Mr
35,18.5,1,0,0,927,3,1,,1,1,0,Mr
36,28.0,0,1,0,928,3,0,,1,1,0,Miss
37,21.0,0,1,0,929,3,0,,1,1,0,Miss
38,25.0,0,1,0,930,3,1,,1,1,0,Mr
39,28.0,0,3,0,931,3,1,,1,1,0,Mr
40,39.0,1,1,1,932,3,1,,2,0,0,Mr
41,28.0,0,2,0,933,1,1,,1,1,1,Mr
42,41.0,0,0,0,934,3,1,,1,1,0,Mr
43,30.0,0,1,0,935,2,0,,1,1,0,Mrs
44,45.0,0,3,0,936,1,0,,2,0,1,Mrs
45,25.0,0,1,0,937,3,1,,1,1,0,Mr
46,45.0,1,2,0,938,1,1,,1,1,1,Mr
47,28.0,2,0,0,939,3,1,,1,1,0,Mr
48,60.0,1,3,0,940,1,0,,1,1,1,Mrs
49,36.0,0,2,2,941,3,0,,3,0,0,Mrs
50,24.0,0,3,0,942,1,1,,2,0,1,Mr
51,27.0,1,2,0,943,2,1,,1,1,0,Mr
52,20.0,0,2,1,944,2,0,,4,0,0,Miss
53,28.0,0,3,2,945,1,0,,6,0,1,Miss
54,28.0,1,2,0,946,2,1,,1,1,0,Mr
55,10.0,2,2,1,947,3,1,,6,0,0,Master
56,35.0,0,0,0,948,3,1,,1,1,0,Mr
57,25.0,0,0,0,949,3,1,,1,1,1,Mr
58,28.0,0,2,0,950,3,1,,2,0,0,Mr
59,36.0,1,3,0,951,1,0,,1,1,1,Miss
60,17.0,0,0,0,952,3,1,,1,1,0,Mr
61,32.0,0,1,0,953,2,1,,1,1,0,Mr
62,18.0,0,0,0,954,3,1,,1,1,0,Mr
63,22.0,2,0,0,955,3,0,,1,1,0,Miss
64,13.0,1,3,2,956,1,1,,5,0,1,Master
65,28.0,0,2,0,957,2,0,,1,1,0,Mrs
66,18.0,2,0,0,958,3,0,,1,1,0,Miss
67,47.0,0,3,0,959,1,1,,1,1,0,Mr
68,31.0,1,2,0,960,1,1,,1,1,1,Mr
69,60.0,0,3,4,961,1,0,,6,0,1,Mrs
70,24.0,2,0,0,962,3,0,,1,1,0,Miss
71,21.0,0,0,0,963,3,1,,1,1,0,Mr
72,29.0,0,1,0,964,3,0,,1,1,0,Miss
73,28.5,1,2,0,965,1,1,,1,1,1,Mr
74,35.0,1,3,0,966,1,0,,1,1,1,Miss
75,32.5,1,3,0,967,1,1,,1,1,1,Mr
76,28.0,0,1,0,968,3,1,,1,1,0,Mr
77,55.0,0,2,0,969,1,0,,3,0,1,Mrs
78,30.0,0,1,0,970,2,1,,1,1,0,Mr
79,24.0,2,0,0,971,3,0,,1,1,0,Miss
80,6.0,1,2,1,972,3,1,,3,0,0,Master
81,67.0,0,3,0,973,1,1,,2,0,1,Mr
82,49.0,0,2,0,974,1,1,,1,1,0,Mr
83,28.0,0,0,0,975,3,1,,1,1,0,Mr
84,28.0,2,1,0,976,2,1,,1,1,0,Mr
85,28.0,1,2,0,977,3,1,,2,0,0,Mr
86,27.0,2,0,0,978,3,0,,1,1,0,Miss
87,18.0,0,1,0,979,3,0,,1,1,0,Miss
88,28.0,2,0,0,980,3,0,,1,1,0,Miss
89,2.0,0,2,1,981,2,1,,3,0,0,Master
90,22.0,0,1,0,982,3,0,,2,0,0,Mrs
91,28.0,0,0,0,983,3,1,,1,1,0,Mr
92,27.0,0,3,2,984,1,0,,4,0,1,Mrs
93,28.0,0,1,0,985,3,1,,1,1,0,Mr
94,25.0,1,2,0,986,1,1,,1,1,0,Mr
95,25.0,0,0,0,987,3,1,,1,1,0,Mr
96,76.0,0,3,0,988,1,0,,2,0,1,Mrs
97,29.0,0,1,0,989,3,1,,1,1,0,Mr
98,20.0,0,0,0,990,3,0,,1,1,0,Miss
99,33.0,0,1,0,991,3,1,,1,1,0,Mr
100,43.0,1,3,0,992,1,0,,2,0,1,Mrs
101,27.0,0,2,0,993,2,1,,2,0,0,Mr
102,28.0,2,0,0,994,3,1,,1,1,0,Mr
103,26.0,0,0,0,995,3,1,,1,1,0,Mr
104,16.0,1,1,1,996,3,0,,3,0,0,Mrs
105,28.0,0,2,0,997,3,1,,1,1,0,Mr
106,21.0,2,0,0,998,3,1,,1,1,0,Mr
107,28.0,2,0,0,999,3,1,,1,1,0,Mr
108,28.0,0,1,0,1000,3,1,,1,1,0,Mr
109,18.5,0,1,0,1001,2,1,,1,1,1,Mr
110,41.0,1,2,0,1002,2,1,,1,1,0,Mr
111,28.0,2,0,0,1003,3,0,,1,1,0,Miss
112,36.0,1,3,0,1004,1,0,,1,1,1,Miss
113,18.5,2,0,0,1005,3,0,,1,1,0,Miss
114,63.0,0,3,0,1006,1,0,,2,0,1,Mrs
115,18.0,1,2,0,1007,3,1,,2,0,0,Mr
116,28.0,1,0,0,1008,3,1,,1,1,0,Mr
117,1.0,0,2,1,1009,3,0,,3,0,1,Miss
118,36.0,1,3,0,1010,1,1,,1,1,1,Mr
119,29.0,0,2,0,1011,2,0,,2,0,0,Mrs
120,12.0,0,2,0,1012,2,0,,1,1,0,Miss
121,28.0,2,0,0,1013,3,1,,2,0,0,Mr
122,35.0,1,3,0,1014,1,0,,2,0,1,Mrs
123,28.0,0,0,0,1015,3,1,,1,1,0,Mr
124,28.0,2,0,0,1016,3,1,,1,1,0,Mr
125,17.0,0,2,1,1017,3,0,,2,0,0,Miss
126,22.0,0,0,0,1018,3,1,,1,1,0,Mr
127,28.0,2,2,0,1019,3,0,,3,0,0,Miss
128,42.0,0,1,0,1020,2,1,,1,1,0,Mr
129,24.0,0,1,0,1021,3,1,,1,1,0,Mr
130,32.0,0,1,0,1022,3,1,,1,1,0,Mr
131,53.0,1,2,0,1023,1,1,,1,1,1,Rare
132,28.0,0,2,4,1024,3,0,,5,0,0,Mrs
133,28.0,1,0,0,1025,3,1,,2,0,0,Mr
134,43.0,0,0,0,1026,3,1,,1,1,0,Mr
135,24.0,0,0,0,1027,3,1,,1,1,0,Mr
136,26.5,1,0,0,1028,3,1,,1,1,0,Mr
137,26.0,0,1,0,1029,2,1,,1,1,0,Mr
138,23.0,0,1,0,1030,3,0,,1,1,0,Miss
139,40.0,0,3,6,1031,3,1,,8,0,0,Mr
140,10.0,0,3,2,1032,3,0,,8,0,0,Miss
141,33.0,0,3,0,1033,1,0,,1,1,0,Miss
142,61.0,1,3,3,1034,1,1,,5,0,1,Mr
143,28.0,0,2,0,1035,2,1,,1,1,0,Mr
144,42.0,0,2,0,1036,1,1,,1,1,0,Mr
145,31.0,0,2,0,1037,3,1,,4,0,0,Mr
146,28.0,0,3,0,1038,1,1,,1,1,1,Mr
147,22.0,0,1,0,1039,3,1,,1,1,0,Mr
148,28.0,0,2,0,1040,1,1,,1,1,0,Mr
149,30.0,0,2,1,1041,2,1,,3,0,0,Rare
150,23.0,1,3,1,1042,1,0,,2,0,1,Mrs
151,28.0,1,0,0,1043,3,1,,1,1,0,Mr
152,60.5,0,3,0,1044,3,1,,1,1,0,Mr
153,36.0,0,1,2,1045,3,0,,3,0,0,Mrs
154,13.0,0,3,2,1046,3,1,,7,0,0,Master
155,24.0,0,0,0,1047,3,1,,1,1,0,Mr
156,29.0,0,3,0,1048,1,0,,1,1,1,Miss
157,23.0,0,0,0,1049,3,0,,1,1,0,Miss
158,42.0,0,2,0,1050,1,1,,1,1,1,Mr
159,26.0,0,1,2,1051,3,0,,3,0,0,Mrs
160,28.0,2,0,0,1052,3,0,,1,1,0,Miss
161,7.0,1,2,1,1053,3,1,,3,0,0,Master
162,26.0,0,1,0,1054,2,0,,1,1,0,Miss
163,28.0,0,0,0,1055,3,1,,1,1,0,Mr
164,41.0,0,1,0,1056,2,1,,1,1,0,Rare
165,26.0,0,2,1,1057,3,0,,3,0,0,Mrs
166,48.0,1,3,0,1058,1,1,,1,1,1,Mr
167,18.0,0,3,2,1059,3,1,,5,0,0,Mr
168,28.0,1,2,0,1060,1,0,,1,1,0,Mrs
169,22.0,0,1,0,1061,3,0,,1,1,0,Miss
170,28.0,0,0,0,1062,3,1,,1,1,0,Mr
171,27.0,1,0,0,1063,3,1,,1,1,0,Mr
172,23.0,0,1,0,1064,3,1,,2,0,0,Mr
173,28.0,1,0,0,1065,3,1,,1,1,0,Mr
174,40.0,0,3,5,1066,3,1,,7,0,0,Mr
175,15.0,0,3,2,1067,2,0,,3,0,0,Miss
176,20.0,0,3,0,1068,2,0,,1,1,0,Miss
177,54.0,1,3,0,1069,1,1,,2,0,1,Mr
178,36.0,0,3,3,1070,2,0,,4,0,1,Mrs
179,64.0,1,3,2,1071,1,0,,3,0,1,Mrs
180,30.0,0,1,0,1072,2,1,,1,1,0,Mr
181,37.0,1,3,1,1073,1,1,,3,0,1,Mr
182,18.0,0,3,0,1074,1,0,,2,0,1,Mrs
183,28.0,2,0,0,1075,3,1,,1,1,0,Mr
184,27.0,1,3,1,1076,1,0,,3,0,1,Mrs
185,40.0,0,2,0,1077,2,1,,1,1,0,Mr
186,21.0,0,2,1,1078,2,0,,2,0,0,Miss
187,17.0,0,1,0,1079,3,1,,3,0,0,Mr
188,28.0,0,3,2,1080,3,0,,11,0,0,Miss
189,40.0,0,1,0,1081,2,1,,1,1,0,Mr
190,34.0,0,2,0,1082,2,1,,2,0,0,Mr
191,28.0,0,2,0,1083,1,1,,1,1,0,Mr
192,11.5,0,2,1,1084,3,1,,3,0,0,Master
193,61.0,2,1,0,1085,2,1,,1,1,0,Mr
194,8.0,0,3,2,1086,2,1,,3,0,0,Master
195,33.0,0,0,0,1087,3,1,,1,1,0,Mr
196,6.0,1,3,2,1088,1,1,,3,0,1,Master
197,18.0,0,0,0,1089,3,0,,1,1,0,Miss
198,23.0,0,1,0,1090,2,1,,1,1,0,Mr
199,28.0,0,1,0,1091,3,0,,1,1,0,Mrs
200,28.0,2,2,0,1092,3,0,,1,1,0,Miss
201,0.33,0,1,2,1093,3,1,,3,0,0,Master
202,47.0,1,3,0,1094,1,1,,2,0,1,Rare
203,8.0,0,2,1,1095,2,0,,3,0,0,Miss
204,25.0,0,1,0,1096,2,1,,1,1,0,Mr
205,28.0,1,2,0,1097,1,1,,1,1,0,Mr
206,35.0,2,0,0,1098,3,0,,1,1,0,Miss
207,24.0,0,1,0,1099,2,1,,1,1,0,Mr
208,33.0,1,2,0,1100,1,0,,1,1,1,Miss
209,25.0,0,0,0,1101,3,1,,1,1,0,Mr
210,32.0,0,2,0,1102,3,1,,1,1,0,Mr
211,28.0,0,0,0,1103,3,1,,1,1,0,Mr
212,17.0,0,3,0,1104,2,1,,1,1,0,Mr
213,60.0,0,2,0,1105,2,0,,2,0,0,Mrs
214,38.0,0,0,2,1106,3,0,,7,0,0,Miss
215,42.0,0,3,0,1107,1,1,,1,1,1,Mr
216,28.0,2,0,0,1108,3,0,,1,1,0,Miss
217,57.0,0,3,1,1109,1,1,,3,0,0,Mr
218,50.0,1,3,1,1110,1,0,,3,0,1,Mrs
219,28.0,0,1,0,1111,3,1,,1,1,0,Mr
220,30.0,1,1,0,1112,2,0,,2,0,0,Miss
221,21.0,0,1,0,1113,3,1,,1,1,0,Mr
222,22.0,0,1,0,1114,2,0,,1,1,1,Mrs
223,21.0,0,0,0,1115,3,1,,1,1,0,Mr
224,53.0,1,2,0,1116,1,0,,1,1,0,Mrs
225,28.0,1,2,2,1117,3,0,,3,0,0,Mrs
226,23.0,0,0,0,1118,3,1,,1,1,0,Mr
227,28.0,2,0,0,1119,3,0,,1,1,0,Miss
228,40.5,0,2,0,1120,3,1,,1,1,0,Mr
229,36.0,0,1,0,1121,2,1,,1,1,0,Mr
230,14.0,0,3,0,1122,2,1,,1,1,0,Mr
231,21.0,0,2,0,1123,1,0,,1,1,0,Miss
232,21.0,0,0,0,1124,3,1,,2,0,0,Mr
233,28.0,2,0,0,1125,3,1,,1,1,0,Mr
234,39.0,1,3,0,1126,1,1,,2,0,1,Mr
235,20.0,0,0,0,1127,3,1,,1,1,0,Mr
236,64.0,1,3,0,1128,1,1,,2,0,1,Mr
237,20.0,1,0,0,1129,3,1,,1,1,0,Mr
238,18.0,0,1,1,1130,2,0,,3,0,0,Miss
239,48.0,1,3,0,1131,1,0,,2,0,1,Mrs
240,55.0,1,2,0,1132,1,0,,1,1,0,Mrs
241,45.0,0,2,2,1133,2,0,,3,0,0,Mrs
242,45.0,1,3,1,1134,1,1,,3,0,1,Mr
243,28.0,0,0,0,1135,3,1,,1,1,0,Mr
244,28.0,0,2,2,1136,3,1,,4,0,0,Master
245,41.0,0,3,0,1137,1,1,,2,0,1,Mr
246,22.0,0,2,0,1138,2,0,,1,1,0,Mrs
247,42.0,0,3,1,1139,2,1,,3,0,0,Mr
248,29.0,0,2,0,1140,2,0,,2,0,0,Mrs
249,28.0,1,2,0,1141,3,0,,2,0,0,Mrs
250,0.92,0,2,2,1142,2,0,,4,0,0,Miss
251,20.0,0,1,0,1143,3,1,,1,1,0,Mr
252,27.0,1,3,0,1144,1,1,,2,0,1,Mr
253,24.0,0,1,0,1145,3,1,,1,1,0,Mr
254,32.5,0,1,0,1146,3,1,,1,1,0,Mr
255,28.0,0,0,0,1147,3,1,,1,1,0,Mr
256,28.0,2,0,0,1148,3,1,,1,1,0,Mr
257,28.0,0,1,0,1149,3,1,,1,1,0,Mr
258,19.0,0,1,0,1150,2,0,,1,1,0,Miss
259,21.0,0,0,0,1151,3,1,,1,1,0,Mr
260,36.5,0,2,0,1152,3,1,,2,0,0,Mr
261,21.0,0,0,0,1153,3,1,,1,1,0,Mr
262,29.0,0,2,2,1154,2,0,,3,0,0,Mrs
263,1.0,0,1,1,1155,3,0,,3,0,0,Miss
264,30.0,1,1,0,1156,2,1,,1,1,0,Mr
265,28.0,0,0,0,1157,3,1,,1,1,0,Mr
266,28.0,0,0,0,1158,1,1,,1,1,0,Mr
267,28.0,0,0,0,1159,3,1,,1,1,0,Mr
268,28.0,0,1,0,1160,3,0,,1,1,0,Miss
269,17.0,0,1,0,1161,3,1,,1,1,0,Mr
270,46.0,1,3,0,1162,1,1,,1,1,1,Mr
271,28.0,2,0,0,1163,3,1,,1,1,0,Mr
272,26.0,1,3,0,1164,1,0,,2,0,1,Mrs
273,28.0,2,2,0,1165,3,0,,2,0,0,Miss
274,28.0,1,0,0,1166,3,1,,1,1,0,Mr
275,20.0,0,2,0,1167,2,0,,2,0,0,Miss
276,28.0,0,1,0,1168,2,1,,1,1,0,Mr
277,40.0,0,2,0,1169,2,1,,2,0,0,Mr
278,30.0,0,2,0,1170,2,1,,2,0,0,Mr
279,22.0,0,1,0,1171,2,1,,1,1,0,Mr
280,23.0,0,1,0,1172,3,0,,1,1,0,Miss
281,0.75,0,1,1,1173,3,1,,3,0,0,Master
282,28.0,2,0,0,1174,3,0,,1,1,0,Miss
283,9.0,1,2,1,1175,3,0,,3,0,0,Miss
284,2.0,0,2,1,1176,3,0,,3,0,0,Miss
285,36.0,0,0,0,1177,3,1,,1,1,0,Mr
286,28.0,0,0,0,1178,3,1,,1,1,0,Mr
287,24.0,0,3,0,1179,1,1,,2,0,1,Mr
288,28.0,1,0,0,1180,3,1,,1,1,1,Mr
289,28.0,0,1,0,1181,3,1,,1,1,0,Mr
290,28.0,0,3,0,1182,1,1,,1,1,0,Mr
291,30.0,2,0,0,1183,3,0,,1,1,0,Miss
292,28.0,1,0,0,1184,3,1,,1,1,0,Mr
293,53.0,0,3,1,1185,1,1,,3,0,1,Rare
294,36.0,0,1,0,1186,3,1,,1,1,0,Mr
295,26.0,0,0,0,1187,3,1,,1,1,0,Mr
296,1.0,1,3,2,1188,2,0,,4,0,0,Miss
297,28.0,1,2,0,1189,3,1,,3,0,0,Mr
298,30.0,0,3,0,1190,1,1,,1,1,0,Mr
299,29.0,0,0,0,1191,3,1,,1,1,0,Mr
300,32.0,0,0,0,1192,3,1,,1,1,0,Mr
301,28.0,1,2,0,1193,2,1,,1,1,1,Mr
302,43.0,0,2,1,1194,2,1,,2,0,0,Mr
303,24.0,0,1,0,1195,3,1,,1,1,0,Mr
304,28.0,2,0,0,1196,3,0,,1,1,0,Miss
305,64.0,0,2,1,1197,1,0,,3,0,1,Mrs
306,30.0,0,3,2,1198,1,1,,4,0,1,Mr
307,0.83,0,1,1,1199,3,1,,2,0,0,Master
308,55.0,0,3,1,1200,1,1,,3,0,1,Mr
309,45.0,0,1,0,1201,3,0,,2,0,0,Mrs
310,18.0,0,1,0,1202,3,1,,1,1,0,Mr
311,22.0,1,0,0,1203,3,1,,1,1,0,Mr
312,28.0,0,0,0,1204,3,1,,1,1,0,Mr
313,37.0,2,0,0,1205,3,0,,1,1,0,Miss
314,55.0,1,3,0,1206,1,0,,1,1,1,Mrs
315,17.0,2,0,0,1207,3,0,,1,1,0,Miss
316,57.0,1,3,0,1208,1,1,,2,0,1,Mr
317,19.0,0,1,0,1209,2,1,,1,1,0,Mr
318,27.0,0,0,0,1210,3,1,,1,1,0,Mr
319,22.0,0,3,0,1211,2,1,,3,0,0,Mr
320,26.0,0,0,0,1212,3,1,,1,1,0,Mr
321,25.0,1,0,0,1213,3,1,,1,1,1,Mr
322,26.0,0,1,0,1214,2,1,,1,1,1,Mr
323,33.0,0,2,0,1215,1,1,,1,1,0,Mr
324,39.0,0,3,0,1216,1,0,,1,1,0,Miss
325,23.0,0,0,0,1217,3,1,,1,1,0,Mr
326,12.0,0,3,1,1218,2,0,,4,0,1,Miss
327,46.0,1,3,0,1219,1,1,,1,1,0,Mr
328,29.0,0,2,0,1220,2,1,,2,0,0,Mr
329,21.0,0,1,0,1221,2,1,,1,1,0,Mr
330,48.0,0,3,2,1222,2,0,,3,0,0,Mrs
331,39.0,1,2,0,1223,1,1,,1,1,1,Mr
332,28.0,1,0,0,1224,3,1,,1,1,0,Mr
333,19.0,1,2,1,1225,3,0,,3,0,0,Mrs
334,27.0,0,0,0,1226,3,1,,1,1,0,Mr
335,30.0,0,2,0,1227,1,1,,1,1,1,Mr
336,32.0,0,1,0,1228,2,1,,1,1,0,Mr
337,39.0,1,0,2,1229,3,1,,3,0,0,Mr
338,25.0,0,3,0,1230,2,1,,1,1,0,Mr
339,28.0,1,0,0,1231,3,1,,1,1,0,Master
340,18.0,0,1,0,1232,2,1,,1,1,0,Mr
341,32.0,0,0,0,1233,3,1,,1,1,0,Mr
342,28.0,0,3,9,1234,3,1,,11,0,0,Mr
343,58.0,1,3,1,1235,1,0,,2,0,1,Mrs
344,28.0,0,2,1,1236,3,1,,3,0,0,Master
345,16.0,0,0,0,1237,3,0,,1,1,0,Miss
346,26.0,0,1,0,1238,2,1,,1,1,0,Mr
347,38.0,1,0,0,1239,3,0,,1,1,0,Mrs
348,24.0,0,1,0,1240,2,1,,1,1,0,Mr
349,31.0,0,2,0,1241,2,0,,1,1,0,Miss
350,45.0,1,3,1,1242,1,0,,2,0,1,Mrs
351,25.0,0,1,0,1243,2,1,,1,1,0,Mr
352,18.0,0,3,0,1244,2,1,,1,1,0,Mr
353,49.0,0,3,2,1245,2,1,,4,0,0,Mr
354,0.17,0,2,2,1246,3,0,,4,0,0,Miss
355,50.0,0,2,0,1247,1,1,,1,1,1,Mr
356,59.0,0,3,0,1248,1,0,,3,0,1,Mrs
357,28.0,0,0,0,1249,3,1,,1,1,0,Mr
358,28.0,2,0,0,1250,3,1,,1,1,0,Mr
359,30.0,0,2,0,1251,3,0,,2,0,0,Mrs
360,14.5,0,3,2,1252,3,1,,11,0,0,Master
361,24.0,1,3,1,1253,2,0,,3,0,0,Mrs
362,31.0,0,2,0,1254,2,0,,1,1,0,Mrs
363,27.0,0,1,0,1255,3,1,,1,1,0,Mr
364,25.0,1,3,0,1256,1,0,,2,0,1,Mrs
365,28.0,0,3,9,1257,3,0,,11,0,0,Mrs
366,28.0,1,2,0,1258,3,1,,2,0,0,Mr
367,22.0,0,3,0,1259,3,0,,1,1,0,Miss
368,45.0,1,3,1,1260,1,0,,2,0,0,Mrs
369,29.0,1,1,0,1261,2,1,,1,1,0,Mr
370,21.0,0,1,0,1262,2,1,,2,0,0,Mr
371,31.0,1,3,0,1263,1,0,,1,1,1,Miss
372,49.0,0,0,0,1264,1,1,,1,1,1,Mr
373,44.0,0,1,0,1265,2,1,,1,1,0,Mr
374,54.0,0,3,1,1266,1,0,,3,0,1,Mrs
375,45.0,1,3,0,1267,1,0,,1,1,0,Miss
376,22.0,0,1,0,1268,3,0,,3,0,0,Miss
377,21.0,0,1,0,1269,2,1,,1,1,0,Mr
378,55.0,0,3,0,1270,1,1,,1,1,1,Mr
379,5.0,0,3,2,1271,3,1,,7,0,0,Master
380,28.0,2,0,0,1272,3,1,,1,1,0,Mr
381,26.0,2,0,0,1273,3,1,,1,1,0,Mr
382,28.0,0,2,0,1274,3,0,,1,1,0,Mrs
383,19.0,0,2,0,1275,3,0,,2,0,0,Mrs
384,28.0,0,1,0,1276,2,1,,1,1,0,Mr
385,24.0,0,3,2,1277,2,0,,4,0,0,Miss
386,24.0,0,0,0,1278,3,1,,1,1,0,Mr
387,57.0,0,1,0,1279,2,1,,1,1,0,Mr
388,21.0,2,0,0,1280,3,1,,1,1,0,Mr
389,6.0,0,2,1,1281,3,1,,5,0,0,Master
390,23.0,0,3,0,1282,1,1,,1,1,1,Mr
391,51.0,0,3,1,1283,1,0,,2,0,1,Mrs
392,13.0,0,2,2,1284,3,1,,3,0,0,Master
393,47.0,0,1,0,1285,2,1,,1,1,0,Mr
394,29.0,0,2,1,1286,3,1,,5,0,0,Mr
395,18.0,0,3,0,1287,1,0,,2,0,1,Mrs
396,24.0,2,0,0,1288,3,1,,1,1,0,Mr
397,48.0,1,3,1,1289,1,0,,3,0,1,Mrs
398,22.0,0,0,0,1290,3,1,,1,1,0,Mr
399,31.0,2,0,0,1291,3,1,,1,1,0,Mr
400,30.0,0,3,0,1292,1,0,,1,1,1,Miss
401,38.0,0,2,0,1293,2,1,,2,0,0,Mr
402,22.0,1,3,1,1294,1,0,,2,0,0,Miss
403,17.0,0,3,0,1295,1,1,,1,1,0,Mr
404,43.0,1,2,0,1296,1,1,,2,0,1,Mr
405,20.0,1,1,0,1297,2,1,,1,1,1,Mr
406,23.0,0,1,0,1298,2,1,,2,0,0,Mr
407,50.0,1,3,1,1299,1,1,,3,0,1,Mr
408,28.0,2,0,0,1300,3,0,,1,1,0,Miss
409,3.0,0,1,1,1301,3,0,,3,0,0,Miss
410,28.0,2,0,0,1302,3,0,,1,1,0,Miss
411,37.0,2,3,0,1303,1,0,,2,0,1,Mrs
412,28.0,0,0,0,1304,3,0,,1,1,0,Miss
413,28.0,0,1,0,1305,3,1,,1,1,0,Mr
414,39.0,1,3,0,1306,1,0,,1,1,1,Rare
415,38.5,0,0,0,1307,3,1,,1,1,0,Mr
416,28.0,0,1,0,1308,3,1,,1,1,0,Mr
417,28.0,1,2,1,1309,3,1,,3,0,0,Master
