,Age,Fare,Parch,PassengerId,Pclass,Sex,Survived,Embarked_Q,Embarked_S,FamilySize,IsAlone,Has_Cabin,Title_Miss,Title_Mr,Title_Mrs,Title_Rare
0,22.0,0,0,1,3,1,0.0,0,1,2,0,0,0,1,0,0
1,38.0,3,0,2,1,0,1.0,0,0,2,0,1,0,0,1,0
2,26.0,1,0,3,3,0,1.0,0,1,1,1,0,1,0,0,0
3,35.0,3,0,4,1,0,1.0,0,1,2,0,1,0,0,1,0
4,35.0,1,0,5,3,1,0.0,0,1,1,1,0,0,1,0,0
5,28.0,1,0,6,3,1,0.0,1,0,1,1,0,0,1,0,0
6,54.0,3,0,7,1,1,0.0,0,1,1,1,1,0,1,0,0
7,2.0,2,1,8,3,1,0.0,0,1,5,0,0,0,0,0,0
8,27.0,1,2,9,3,0,1.0,0,1,3,0,0,0,0,1,0
9,14.0,2,0,10,2,0,1.0,0,0,2,0,0,0,0,1,0
10,4.0,2,1,11,3,0,1.0,0,1,3,0,1,1,0,0,0
11,58.0,2,0,12,1,0,1.0,0,1,1,1,1,1,0,0,0
12,20.0,1,0,13,3,1,0.0,0,1,1,1,0,0,1,0,0
13,39.0,3,5,14,3,1,0.0,0,1,7,0,0,0,1,0,0
14,14.0,0,0,15,3,0,0.0,0,1,1,1,0,1,0,0,0
15,55.0,2,0,16,2,0,1.0,0,1,1,1,0,0,0,1,0
16,2.0,2,1,17,3,1,0.0,1,0,6,0,0,0,0,0,0
17,28.0,1,0,18,2,1,1.0,0,1,1,1,0,0,1,0,0
18,31.0,2,0,19,3,0,0.0,0,1,2,0,0,0,0,1,0
19,28.0,0,0,20,3,0,1.0,0,0,1,1,0,0,0,1,0
20,35.0,2,0,21,2,1,0.0,0,1,1,1,0,0,1,0,0
21,34.0,1,0,22,2,1,1.0,0,1,1,1,1,0,1,0,0
22,15.0,1,0,23,3,0,1.0,1,0,1,1,0,1,0,0,0
23,28.0,3,0,24,1,1,1.0,0,1,1,1,1,0,1,0,0
24,8.0,2,1,25,3,0,0.0,0,1,5,0,0,1,0,0,0
25,38.0,3,5,26,3,0,1.0,0,1,7,0,0,0,0,1,0
26,28.0,0,0,27,3,1,0.0,0,0,1,1,0,0,1,0,0
27,19.0,3,2,28,1,1,0.0,0,1,6,0,1,0,1,0,0
28,28.0,0,0,29,3,0,1.0,1,0,1,1,0,1,0,0,0
29,28.0,0,0,30,3,1,0.0,0,1,1,1,0,0,1,0,0
30,40.0,2,0,31,1,1,0.0,0,0,1,1,0,0,0,0,1
31,28.0,3,0,32,1,0,1.0,0,0,2,0,1,0,0,1,0
32,28.0,0,0,33,3,0,1.0,1,0,1,1,0,1,0,0,0
33,66.0,1,0,34,2,1,0.0,0,1,1,1,0,0,1,0,0
34,28.0,3,0,35,1,1,0.0,0,0,2,0,0,0,1,0,0
35,42.0,3,0,36,1,1,0.0,0,1,2,0,0,0,1,0,0
36,28.0,0,0,37,3,1,1.0,0,0,1,1,0,0,1,0,0
37,21.0,1,0,38,3,1,0.0,0,1,1,1,0,0,1,0,0
38,18.0,2,0,39,3,0,0.0,0,1,3,0,0,1,0,0,0
39,14.0,1,0,40,3,0,1.0,0,0,2,0,0,1,0,0,0
40,40.0,1,0,41,3,0,0.0,0,1,2,0,0,0,0,1,0
41,27.0,2,0,42,2,0,0.0,0,1,2,0,0,0,0,1,0
42,28.0,0,0,43,3,1,0.0,0,0,1,1,0,0,1,0,0
43,3.0,3,2,44,2,0,1.0,0,0,4,0,0,1,0,0,0
44,19.0,0,0,45,3,0,1.0,1,0,1,1,0,1,0,0,0
45,28.0,1,0,46,3,1,0.0,0,1,1,1,0,0,1,0,0
46,28.0,2,0,47,3,1,0.0,1,0,2,0,0,0,1,0,0
47,28.0,0,0,48,3,0,1.0,1,0,1,1,0,1,0,0,0
48,28.0,2,0,49,3,1,0.0,0,0,3,0,0,0,1,0,0
49,18.0,2,0,50,3,0,0.0,0,1,2,0,0,0,0,1,0
50,7.0,3,1,51,3,1,0.0,0,1,6,0,0,0,0,0,0
51,21.0,0,0,52,3,1,0.0,0,1,1,1,0,0,1,0,0
52,49.0,3,0,53,1,0,1.0,0,0,2,0,1,0,0,1,0
53,29.0,2,0,54,2,0,1.0,0,1,2,0,0,0,0,1,0
54,65.0,3,1,55,1,1,0.0,0,0,2,0,1,0,1,0,0
55,28.0,3,0,56,1,1,1.0,0,1,1,1,1,0,1,0,0
56,21.0,1,0,57,2,0,1.0,0,1,1,1,0,1,0,0,0
57,28.5,0,0,58,3,1,0.0,0,0,1,1,0,0,1,0,0
58,5.0,2,2,59,2,0,1.0,0,1,4,0,0,1,0,0,0
59,11.0,3,2,60,3,1,0.0,0,1,8,0,0,0,0,0,0
60,22.0,0,0,61,3,1,0.0,0,0,1,1,0,0,1,0,0
61,38.0,3,0,62,1,0,1.0,0,1,1,1,1,1,0,0,0
62,45.0,3,0,63,1,1,0.0,0,1,2,0,1,0,1,0,0
63,4.0,2,2,64,3,1,0.0,0,1,6,0,0,0,0,0,0
64,28.0,2,0,65,1,1,0.0,0,0,1,1,0,0,1,0,0
65,28.0,2,1,66,3,1,1.0,0,0,3,0,0,0,0,0,0
66,29.0,1,0,67,2,0,1.0,0,1,1,1,1,0,0,1,0
67,19.0,1,0,68,3,1,0.0,0,1,1,1,0,0,1,0,0
68,17.0,1,2,69,3,0,1.0,0,1,7,0,0,1,0,0,0
69,26.0,1,0,70,3,1,0.0,0,1,3,0,0,0,1,0,0
70,32.0,1,0,71,2,1,0.0,0,1,1,1,0,0,1,0,0
71,16.0,3,2,72,3,0,0.0,0,1,8,0,0,1,0,0,0
72,21.0,3,0,73,2,1,0.0,0,1,1,1,0,0,1,0,0
73,26.0,2,0,74,3,1,0.0,0,0,2,0,0,0,1,0,0
74,32.0,3,0,75,3,1,1.0,0,1,1,1,0,0,1,0,0
75,25.0,0,0,76,3,1,0.0,0,1,1,1,1,0,1,0,0
76,28.0,0,0,77,3,1,0.0,0,1,1,1,0,0,1,0,0
77,28.0,1,0,78,3,1,0.0,0,1,1,1,0,0,1,0,0
78,0.83,2,2,79,2,1,1.0,0,1,3,0,0,0,0,0,0
79,30.0,1,0,80,3,0,1.0,0,1,1,1,0,1,0,0,0
80,22.0,1,0,81,3,1,0.0,0,1,1,1,0,0,1,0,0
81,29.0,1,0,82,3,1,1.0,0,1,1,1,0,0,1,0,0
82,28.0,0,0,83,3,0,1.0,1,0,1,1,0,1,0,0,0
83,28.0,3,0,84,1,1,0.0,0,1,1,1,0,0,1,0,0
84,17.0,1,0,85,2,0,1.0,0,1,1,1,0,1,0,0,0
85,33.0,2,0,86,3,0,1.0,0,1,4,0,0,0,0,1,0
86,16.0,3,3,87,3,1,0.0,0,1,5,0,0,0,1,0,0
87,28.0,1,0,88,3,1,0.0,0,1,1,1,0,0,1,0,0
88,23.0,3,2,89,1,0,1.0,0,1,6,0,1,1,0,0,0
89,24.0,1,0,90,3,1,0.0,0,1,1,1,0,0,1,0,0
90,29.0,1,0,91,3,1,0.0,0,1,1,1,0,0,1,0,0
91,20.0,0,0,92,3,1,0.0,0,1,1,1,0,0,1,0,0
92,46.0,3,0,93,1,1,0.0,0,1,2,0,1,0,1,0,0
93,26.0,2,2,94,3,1,0.0,0,1,4,0,0,0,1,0,0
94,59.0,0,0,95,3,1,0.0,0,1,1,1,0,0,1,0,0
95,28.0,1,0,96,3,1,0.0,0,1,1,1,0,0,1,0,0
96,71.0,3,0,97,1,1,0.0,0,0,1,1,1,0,1,0,0
97,23.0,3,1,98,1,1,1.0,0,0,2,0,1,0,1,0,0
98,34.0,2,1,99,2,0,1.0,0,1,2,0,0,0,0,1,0
99,34.0,2,0,100,2,1,0.0,0,1,2,0,0,0,1,0,0
100,28.0,0,0,101,3,0,0.0,0,1,1,1,0,1,0,0,0
101,28.0,0,0,102,3,1,0.0,0,1,1,1,0,0,1,0,0
102,21.0,3,1,103,1,1,0.0,0,1,2,0,1,0,1,0,0
103,33.0,1,0,104,3,1,0.0,0,1,1,1,0,0,1,0,0
104,37.0,1,0,105,3,1,0.0,0,1,3,0,0,0,1,0,0
105,28.0,0,0,106,3,1,0.0,0,1,1,1,0,0,1,0,0
106,21.0,0,0,107,3,0,1.0,0,1,1,1,0,1,0,0,0
107,28.0,0,0,108,3,1,1.0,0,1,1,1,0,0,1,0,0
108,38.0,0,0,109,3,1,0.0,0,1,1,1,0,0,1,0,0
109,28.0,2,0,110,3,0,1.0,1,0,2,0,0,1,0,0,0
110,47.0,3,0,111,1,1,0.0,0,1,1,1,1,0,1,0,0
111,14.5,2,0,112,3,0,0.0,0,0,2,0,0,1,0,0,0
112,22.0,1,0,113,3,1,0.0,0,1,1,1,0,0,1,0,0
113,20.0,1,0,114,3,0,0.0,0,1,2,0,0,1,0,0,0
114,17.0,2,0,115,3,0,0.0,0,0,1,1,0,1,0,0,0
115,21.0,1,0,116,3,1,0.0,0,1,1,1,0,0,1,0,0
116,70.5,0,0,117,3,1,0.0,1,0,1,1,0,0,1,0,0
117,29.0,2,0,118,2,1,0.0,0,1,2,0,0,0,1,0,0
118,24.0,3,1,119,1,1,0.0,0,0,2,0,1,0,1,0,0
119,2.0,3,2,120,3,0,0.0,0,1,7,0,0,1,0,0,0
120,21.0,3,0,121,2,1,0.0,0,1,3,0,0,0,1,0,0
121,28.0,1,0,122,3,1,0.0,0,1,1,1,0,0,1,0,0
122,32.5,2,0,123,2,1,0.0,0,0,2,0,0,0,1,0,0
123,32.5,1,0,124,2,0,1.0,0,1,1,1,1,1,0,0,0
124,54.0,3,1,125,1,1,0.0,0,1,2,0,1,0,1,0,0
125,12.0,1,0,126,3,1,1.0,0,0,2,0,0,0,0,0,0
126,28.0,0,0,127,3,1,0.0,1,0,1,1,0,0,1,0,0
127,24.0,0,0,128,3,1,1.0,0,1,1,1,0,0,1,0,0
128,28.0,2,1,129,3,0,1.0,0,0,3,0,1,1,0,0,0
129,45.0,0,0,130,3,1,0.0,0,1,1,1,0,0,1,0,0
130,33.0,0,0,131,3,1,0.0,0,0,1,1,0,0,1,0,0
131,20.0,0,0,132,3,1,0.0,0,1,1,1,0,0,1,0,0
132,47.0,2,0,133,3,0,0.0,0,1,2,0,0,0,0,1,0
133,29.0,2,0,134,2,0,1.0,0,1,2,0,0,0,0,1,0
134,25.0,1,0,135,2,1,0.0,0,1,1,1,0,0,1,0,0
135,23.0,2,0,136,2,1,0.0,0,0,1,1,0,0,1,0,0
136,19.0,2,2,137,1,0,1.0,0,1,3,0,1,1,0,0,0
137,37.0,3,0,138,1,1,0.0,0,1,2,0,1,0,1,0,0
138,16.0,1,0,139,3,1,0.0,0,1,1,1,0,0,1,0,0
139,24.0,3,0,140,1,1,0.0,0,0,1,1,1,0,1,0,0
140,28.0,2,2,141,3,0,0.0,0,0,3,0,0,0,0,1,0
141,22.0,0,0,142,3,0,1.0,0,1,1,1,0,1,0,0,0
142,24.0,2,0,143,3,0,1.0,0,1,2,0,0,0,0,1,0
143,19.0,0,0,144,3,1,0.0,1,0,1,1,0,0,1,0,0
144,18.0,1,0,145,2,1,0.0,0,1,1,1,0,0,1,0,0
145,19.0,3,1,146,2,1,0.0,0,1,3,0,0,0,1,0,0
146,27.0,0,0,147,3,1,1.0,0,1,1,1,0,0,1,0,0
147,9.0,3,2,148,3,0,0.0,0,1,5,0,0,1,0,0,0
148,36.5,2,2,149,2,1,0.0,0,1,3,0,1,0,1,0,0
149,42.0,1,0,150,2,1,0.0,0,1,1,1,0,0,0,0,1
150,51.0,1,0,151,2,1,0.0,0,1,1,1,0,0,0,0,1
151,22.0,3,0,152,1,0,1.0,0,1,2,0,1,0,0,1,0
152,55.5,1,0,153,3,1,0.0,0,1,1,1,0,0,1,0,0
153,40.5,2,2,154,3,1,0.0,0,1,3,0,0,0,1,0,0
154,28.0,0,0,155,3,1,0.0,0,1,1,1,0,0,1,0,0
155,51.0,3,1,156,1,1,0.0,0,0,2,0,0,0,1,0,0
156,16.0,0,0,157,3,0,1.0,1,0,1,1,0,1,0,0,0
157,30.0,1,0,158,3,1,0.0,0,1,1,1,0,0,1,0,0
158,28.0,1,0,159,3,1,0.0,0,1,1,1,0,0,1,0,0
159,28.0,3,2,160,3,1,0.0,0,1,11,0,0,0,0,0,0
160,44.0,2,1,161,3,1,0.0,0,1,2,0,0,0,1,0,0
161,40.0,2,0,162,2,0,1.0,0,1,1,1,0,0,0,1,0
162,26.0,0,0,163,3,1,0.0,0,1,1,1,0,0,1,0,0
163,17.0,1,0,164,3,1,0.0,0,1,1,1,0,0,1,0,0
164,1.0,3,1,165,3,1,0.0,0,1,6,0,0,0,0,0,0
165,9.0,2,2,166,3,1,1.0,0,1,3,0,0,0,0,0,0
166,28.0,3,1,167,1,0,1.0,0,1,2,0,1,0,0,1,0
167,45.0,2,4,168,3,0,0.0,0,1,6,0,0,0,0,1,0
168,28.0,2,0,169,1,1,0.0,0,1,1,1,0,0,1,0,0
169,28.0,3,0,170,3,1,0.0,0,1,1,1,0,0,1,0,0
170,61.0,3,0,171,1,1,0.0,0,1,1,1,1,0,1,0,0
171,4.0,2,1,172,3,1,0.0,1,0,6,0,0,0,0,0,0
172,1.0,1,1,173,3,0,1.0,0,1,3,0,0,1,0,0,0
173,21.0,1,0,174,3,1,0.0,0,1,1,1,0,0,1,0,0
174,56.0,2,0,175,1,1,0.0,0,0,1,1,1,0,1,0,0
175,18.0,0,1,176,3,1,0.0,0,1,3,0,0,0,1,0,0
176,28.0,2,1,177,3,1,0.0,0,1,5,0,0,0,0,0,0
177,50.0,2,0,178,1,0,0.0,0,0,1,1,1,1,0,0,0
178,30.0,1,0,179,2,1,0.0,0,1,1,1,0,0,1,0,0
179,36.0,0,0,180,3,1,0.0,0,1,1,1,0,0,1,0,0
180,28.0,3,2,181,3,0,0.0,0,1,11,0,0,1,0,0,0
181,28.0,2,0,182,2,1,0.0,0,0,1,1,0,0,1,0,0
182,9.0,3,2,183,3,1,0.0,0,1,7,0,0,0,0,0,0
183,1.0,3,1,184,2,1,1.0,0,1,4,0,1,0,0,0,0
184,4.0,2,2,185,3,0,1.0,0,1,3,0,0,1,0,0,0
185,28.0,3,0,186,1,1,0.0,0,1,1,1,1,0,1,0,0
186,28.0,2,0,187,3,0,1.0,1,0,2,0,0,0,0,1,0
187,45.0,2,0,188,1,1,1.0,0,1,1,1,0,0,1,0,0
188,40.0,2,1,189,3,1,0.0,1,0,3,0,0,0,1,0,0
189,36.0,0,0,190,3,1,0.0,0,1,1,1,0,0,1,0,0
190,32.0,1,0,191,2,0,1.0,0,1,1,1,0,0,0,1,0
191,19.0,1,0,192,2,1,0.0,0,1,1,1,0,0,1,0,0
192,19.0,0,0,193,3,0,1.0,0,1,2,0,0,1,0,0,0
193,3.0,2,1,194,2,1,1.0,0,1,3,0,1,0,0,0,0
194,44.0,2,0,195,1,0,1.0,0,0,1,1,1,0,0,1,0
195,58.0,3,0,196,1,0,1.0,0,0,1,1,1,1,0,0,0
196,28.0,0,0,197,3,1,0.0,1,0,1,1,0,0,1,0,0
197,42.0,1,1,198,3,1,0.0,0,1,2,0,0,0,1,0,0
198,28.0,0,0,199,3,0,1.0,1,0,1,1,0,1,0,0,0
199,24.0,1,0,200,2,0,0.0,0,1,1,1,0,1,0,0,0
200,28.0,1,0,201,3,1,0.0,0,1,1,1,0,0,1,0,0
201,28.0,3,2,202,3,1,0.0,0,1,11,0,0,0,1,0,0
202,34.0,0,0,203,3,1,0.0,0,1,1,1,0,0,1,0,0
203,45.5,0,0,204,3,1,0.0,0,0,1,1,0,0,1,0,0
204,18.0,1,0,205,3,1,1.0,0,1,1,1,0,0,1,0,0
205,2.0,1,1,206,3,0,0.0,0,1,2,0,1,1,0,0,0
206,32.0,2,0,207,3,1,0.0,0,1,2,0,0,0,1,0,0
207,26.0,2,0,208,3,1,1.0,0,0,1,1,0,0,1,0,0
208,16.0,0,0,209,3,0,1.0,1,0,1,1,0,1,0,0,0
209,40.0,2,0,210,1,1,1.0,0,0,1,1,1,0,1,0,0
210,24.0,0,0,211,3,1,0.0,0,1,1,1,0,0,1,0,0
211,35.0,2,0,212,2,0,1.0,0,1,1,1,0,1,0,0,0
212,22.0,0,0,213,3,1,0.0,0,1,1,1,0,0,1,0,0
213,30.0,1,0,214,2,1,0.0,0,1,1,1,0,0,1,0,0
214,28.0,0,0,215,3,1,0.0,1,0,2,0,0,0,1,0,0
215,31.0,3,0,216,1,0,1.0,0,0,2,0,1,1,0,0,0
216,27.0,1,0,217,3,0,1.0,0,1,1,1,0,1,0,0,0
217,42.0,2,0,218,2,1,0.0,0,1,2,0,0,0,1,0,0
218,32.0,3,0,219,1,0,1.0,0,0,1,1,1,1,0,0,0
219,30.0,1,0,220,2,1,0.0,0,1,1,1,0,0,1,0,0
220,16.0,1,0,221,3,1,1.0,0,1,1,1,0,0,1,0,0
221,27.0,1,0,222,2,1,0.0,0,1,1,1,0,0,1,0,0
222,51.0,1,0,223,3,1,0.0,0,1,1,1,0,0,1,0,0
223,28.0,0,0,224,3,1,0.0,0,1,1,1,0,0,1,0,0
224,38.0,3,0,225,1,1,1.0,0,1,2,0,1,0,1,0,0
225,22.0,1,0,226,3,1,0.0,0,1,1,1,0,0,1,0,0
226,19.0,1,0,227,2,1,1.0,0,1,1,1,0,0,1,0,0
227,20.5,0,0,228,3,1,0.0,0,1,1,1,0,0,1,0,0
228,18.0,1,0,229,2,1,0.0,0,1,1,1,0,0,1,0,0
229,28.0,2,1,230,3,0,0.0,0,1,5,0,0,1,0,0,0
230,35.0,3,0,231,1,0,1.0,0,1,2,0,1,0,0,1,0
231,29.0,0,0,232,3,1,0.0,0,1,1,1,0,0,1,0,0
232,59.0,1,0,233,2,1,0.0,0,1,1,1,0,0,1,0,0
233,5.0,3,2,234,3,0,1.0,0,1,7,0,0,1,0,0,0
234,24.0,1,0,235,2,1,0.0,0,1,1,1,0,0,1,0,0
235,28.0,0,0,236,3,0,0.0,0,1,1,1,0,1,0,0,0
236,44.0,2,0,237,2,1,0.0,0,1,2,0,0,0,1,0,0
237,8.0,2,2,238,2,0,1.0,0,1,3,0,0,1,0,0,0
238,19.0,1,0,239,2,1,0.0,0,1,1,1,0,0,1,0,0
239,33.0,1,0,240,2,1,0.0,0,1,1,1,0,0,1,0,0
240,28.0,2,0,241,3,0,0.0,0,0,2,0,0,1,0,0,0
241,28.0,2,0,242,3,0,1.0,1,0,2,0,0,1,0,0,0
242,29.0,1,0,243,2,1,0.0,0,1,1,1,0,0,1,0,0
243,22.0,0,0,244,3,1,0.0,0,1,1,1,0,0,1,0,0
244,30.0,0,0,245,3,1,0.0,0,0,1,1,0,0,1,0,0
245,44.0,3,0,246,1,1,0.0,1,0,3,0,1,0,0,0,1
246,25.0,0,0,247,3,0,0.0,0,1,1,1,0,1,0,0,0
247,24.0,2,2,248,2,0,1.0,0,1,3,0,0,0,0,1,0
248,37.0,3,1,249,1,1,1.0,0,1,3,0,1,0,1,0,0
249,54.0,2,0,250,2,1,0.0,0,1,2,0,0,0,0,0,1
250,28.0,0,0,251,3,1,0.0,0,1,1,1,0,0,1,0,0
251,29.0,1,1,252,3,0,0.0,0,1,3,0,1,0,0,1,0
252,62.0,2,0,253,1,1,0.0,0,1,1,1,1,0,1,0,0
253,30.0,2,0,254,3,1,0.0,0,1,2,0,0,0,1,0,0
254,41.0,2,2,255,3,0,0.0,0,1,3,0,0,0,0,1,0
255,29.0,2,2,256,3,0,1.0,0,0,3,0,0,0,0,1,0
256,28.0,3,0,257,1,0,1.0,0,0,1,1,0,0,0,1,0
257,30.0,3,0,258,1,0,1.0,0,1,1,1,1,1,0,0,0
258,35.0,3,0,259,1,0,1.0,0,0,1,1,0,1,0,0,0
259,50.0,2,1,260,2,0,1.0,0,1,2,0,0,0,0,1,0
260,28.0,0,0,261,3,1,0.0,1,0,1,1,0,0,1,0,0
261,3.0,3,2,262,3,1,1.0,0,1,7,0,0,0,0,0,0
262,52.0,3,1,263,1,1,0.0,0,1,3,0,1,0,1,0,0
263,40.0,0,0,264,1,1,0.0,0,1,1,1,1,0,1,0,0
264,28.0,0,0,265,3,0,0.0,1,0,1,1,0,1,0,0,0
265,36.0,1,0,266,2,1,0.0,0,1,1,1,0,0,1,0,0
266,16.0,3,1,267,3,1,0.0,0,1,6,0,0,0,1,0,0
267,25.0,0,0,268,3,1,1.0,0,1,2,0,0,0,1,0,0
268,58.0,3,1,269,1,0,1.0,0,1,2,0,1,0,0,1,0
269,35.0,3,0,270,1,0,1.0,0,1,1,1,1,1,0,0,0
270,28.0,2,0,271,1,1,0.0,0,1,1,1,0,0,1,0,0
271,25.0,0,0,272,3,1,1.0,0,1,1,1,0,0,1,0,0
272,41.0,2,1,273,2,0,1.0,0,1,2,0,0,0,0,1,0
273,37.0,2,1,274,1,1,0.0,0,0,2,0,1,0,1,0,0
274,28.0,0,0,275,3,0,1.0,1,0,1,1,0,1,0,0,0
275,63.0,3,0,276,1,0,1.0,0,1,2,0,1,1,0,0,0
276,45.0,0,0,277,3,0,0.0,0,1,1,1,0,1,0,0,0
277,28.0,0,0,278,2,1,0.0,0,1,1,1,0,0,1,0,0
278,7.0,2,1,279,3,1,0.0,1,0,6,0,0,0,0,0,0
279,35.0,2,1,280,3,0,1.0,0,1,3,0,0,0,0,1,0
280,65.0,0,0,281,3,1,0.0,1,0,1,1,0,0,1,0,0
281,28.0,0,0,282,3,1,0.0,0,1,1,1,0,0,1,0,0
282,16.0,1,0,283,3,1,0.0,0,1,1,1,0,0,1,0,0
283,19.0,1,0,284,3,1,1.0,0,1,1,1,0,0,1,0,0
284,28.0,2,0,285,1,1,0.0,0,1,1,1,1,0,1,0,0
285,33.0,1,0,286,3,1,0.0,0,0,1,1,0,0,1,0,0
286,30.0,1,0,287,3,1,1.0,0,1,1,1,0,0,1,0,0
287,22.0,0,0,288,3,1,0.0,0,1,1,1,0,0,1,0,0
288,42.0,1,0,289,2,1,1.0,0,1,1,1,0,0,1,0,0
289,22.0,0,0,290,3,0,1.0,1,0,1,1,0,1,0,0,0
290,26.0,3,0,291,1,0,1.0,0,1,1,1,0,1,0,0,0
291,19.0,3,0,292,1,0,1.0,0,0,2,0,1,0,0,1,0
292,36.0,1,0,293,2,1,0.0,0,0,1,1,1,0,1,0,0
293,24.0,1,0,294,3,0,0.0,0,1,1,1,0,1,0,0,0
294,24.0,0,0,295,3,1,0.0,0,1,1,1,0,0,1,0,0
295,28.0,2,0,296,1,1,0.0,0,0,1,1,0,0,1,0,0
296,23.5,0,0,297,3,1,0.0,0,0,1,1,0,0,1,0,0
297,2.0,3,2,298,1,0,0.0,0,1,4,0,1,1,0,0,0
298,28.0,2,0,299,1,1,1.0,0,1,1,1,1,0,1,0,0
299,50.0,3,1,300,1,0,1.0,0,0,2,0,1,0,0,1,0
300,28.0,0,0,301,3,0,1.0,1,0,1,1,0,1,0,0,0
301,28.0,2,0,302,3,1,1.0,1,0,3,0,0,0,1,0,0
302,19.0,0,0,303,3,1,0.0,0,1,1,1,0,0,1,0,0
303,28.0,1,0,304,2,0,1.0,1,0,1,1,1,1,0,0,0
304,28.0,1,0,305,3,1,0.0,0,1,1,1,0,0,1,0,0
305,0.92,3,2,306,1,1,1.0,0,1,4,0,1,0,0,0,0
306,28.0,3,0,307,1,0,1.0,0,0,1,1,0,1,0,0,0
307,17.0,3,0,308,1,0,1.0,0,0,2,0,1,0,0,1,0
308,30.0,2,0,309,2,1,0.0,0,0,2,0,0,0,1,0,0
309,30.0,3,0,310,1,0,1.0,0,0,1,1,1,1,0,0,0
310,24.0,3,0,311,1,0,1.0,0,0,1,1,1,1,0,0,0
311,18.0,3,2,312,1,0,1.0,0,0,5,0,1,1,0,0,0
312,26.0,2,1,313,2,0,0.0,0,1,3,0,0,0,0,1,0
313,28.0,0,0,314,3,1,0.0,0,1,1,1,0,0,1,0,0
314,43.0,2,1,315,2,1,0.0,0,1,3,0,0,0,1,0,0
315,26.0,0,0,316,3,0,1.0,0,1,1,1,0,1,0,0,0
316,24.0,2,0,317,2,0,1.0,0,1,2,0,0,0,0,1,0
317,54.0,1,0,318,2,1,0.0,0,1,1,1,0,0,0,0,1
318,31.0,3,2,319,1,0,1.0,0,1,3,0,1,1,0,0,0
319,40.0,3,1,320,1,0,1.0,0,0,3,0,1,0,0,1,0
320,22.0,0,0,321,3,1,0.0,0,1,1,1,0,0,1,0,0
321,27.0,0,0,322,3,1,0.0,0,1,1,1,0,0,1,0,0
322,30.0,1,0,323,2,0,1.0,1,0,1,1,0,1,0,0,0
323,22.0,2,1,324,2,0,1.0,0,1,3,0,0,0,0,1,0
324,28.0,3,2,325,3,1,0.0,0,1,11,0,0,0,1,0,0
325,36.0,3,0,326,1,0,1.0,0,0,1,1,1,1,0,0,0
326,61.0,0,0,327,3,1,0.0,0,1,1,1,0,0,1,0,0
327,36.0,1,0,328,2,0,1.0,0,1,1,1,1,0,0,1,0
328,31.0,2,1,329,3,0,1.0,0,1,3,0,0,0,0,1,0
329,16.0,3,1,330,1,0,1.0,0,0,2,0,1,1,0,0,0
330,28.0,2,0,331,3,0,1.0,1,0,3,0,0,1,0,0,0
331,45.5,2,0,332,1,1,0.0,0,1,1,1,1,0,1,0,0
332,38.0,3,1,333,1,1,0.0,0,1,2,0,1,0,1,0,0
333,16.0,2,0,334,3,1,0.0,0,1,3,0,0,0,1,0,0
334,28.0,3,0,335,1,0,1.0,0,1,2,0,0,0,0,1,0
335,28.0,0,0,336,3,1,0.0,0,1,1,1,0,0,1,0,0
336,29.0,3,0,337,1,1,0.0,0,1,2,0,1,0,1,0,0
337,41.0,3,0,338,1,0,1.0,0,0,1,1,1,1,0,0,0
338,45.0,1,0,339,3,1,1.0,0,1,1,1,0,0,1,0,0
339,45.0,3,0,340,1,1,0.0,0,1,1,1,1,0,1,0,0
340,2.0,2,1,341,2,1,1.0,0,1,3,0,1,0,0,0,0
341,24.0,3,2,342,1,0,1.0,0,1,6,0,1,1,0,0,0
342,28.0,1,0,343,2,1,0.0,0,1,1,1,0,0,1,0,0
343,25.0,1,0,344,2,1,0.0,0,1,1,1,0,0,1,0,0
344,36.0,1,0,345,2,1,0.0,0,1,1,1,0,0,1,0,0
345,24.0,1,0,346,2,0,1.0,0,1,1,1,1,1,0,0,0
346,40.0,1,0,347,2,0,1.0,0,1,1,1,0,1,0,0,0
347,28.0,2,0,348,3,0,1.0,0,1,2,0,0,0,0,1,0
348,3.0,2,1,349,3,1,1.0,0,1,3,0,0,0,0,0,0
349,42.0,1,0,350,3,1,0.0,0,1,1,1,0,0,1,0,0
350,23.0,1,0,351,3,1,0.0,0,1,1,1,0,0,1,0,0
351,28.0,3,0,352,1,1,0.0,0,1,1,1,1,0,1,0,0
352,15.0,0,1,353,3,1,0.0,0,0,3,0,0,0,1,0,0
353,25.0,2,0,354,3,1,0.0,0,1,2,0,0,0,1,0,0
354,28.0,0,0,355,3,1,0.0,0,0,1,1,0,0,1,0,0
355,28.0,1,0,356,3,1,0.0,0,1,1,1,0,0,1,0,0
356,22.0,3,1,357,1,0,1.0,0,1,2,0,1,1,0,0,0
357,38.0,1,0,358,2,0,0.0,0,1,1,1,0,1,0,0,0
358,28.0,0,0,359,3,0,1.0,1,0,1,1,0,1,0,0,0
359,28.0,0,0,360,3,0,1.0,1,0,1,1,0,1,0,0,0
360,40.0,2,4,361,3,1,0.0,0,1,6,0,0,0,1,0,0
361,29.0,2,0,362,2,1,0.0,0,0,2,0,0,0,1,0,0
362,45.0,2,1,363,3,0,0.0,0,0,2,0,0,0,0,1,0
363,35.0,0,0,364,3,1,0.0,0,1,1,1,0,0,1,0,0
364,28.0,2,0,365,3,1,0.0,1,0,2,0,0,0,1,0,0
365,30.0,0,0,366,3,1,0.0,0,1,1,1,0,0,1,0,0
366,60.0,3,0,367,1,0,1.0,0,0,2,0,1,0,0,1,0
367,28.0,0,0,368,3,0,1.0,0,0,1,1,0,0,0,1,0
368,28.0,0,0,369,3,0,1.0,1,0,1,1,0,1,0,0,0
369,24.0,3,0,370,1,0,1.0,0,0,1,1,1,0,0,1,0
370,25.0,3,0,371,1,1,1.0,0,0,2,0,1,0,1,0,0
371,18.0,0,0,372,3,1,0.0,0,1,2,0,0,0,1,0,0
372,19.0,1,0,373,3,1,0.0,0,1,1,1,0,0,1,0,0
373,22.0,3,0,374,1,1,0.0,0,0,1,1,0,0,1,0,0
374,3.0,2,1,375,3,0,0.0,0,1,5,0,0,1,0,0,0
375,28.0,3,0,376,1,0,1.0,0,0,2,0,0,0,0,1,0
376,22.0,0,0,377,3,0,1.0,0,1,1,1,0,1,0,0,0
377,27.0,3,2,378,1,1,0.0,0,0,3,0,1,0,1,0,0
378,20.0,0,0,379,3,1,0.0,0,0,1,1,0,0,1,0,0
379,19.0,0,0,380,3,1,0.0,0,1,1,1,0,0,1,0,0
380,42.0,3,0,381,1,0,1.0,0,0,1,1,0,1,0,0,0
381,1.0,2,2,382,3,0,1.0,0,0,3,0,0,1,0,0,0
382,32.0,1,0,383,3,1,0.0,0,1,1,1,0,0,1,0,0
383,35.0,3,0,384,1,0,1.0,0,1,2,0,0,0,0,1,0
384,28.0,0,0,385,3,1,0.0,0,1,1,1,0,0,1,0,0
385,18.0,3,0,386,2,1,0.0,0,1,1,1,0,0,1,0,0
386,1.0,3,2,387,3,1,0.0,0,1,8,0,0,0,0,0,0
387,36.0,1,0,388,2,0,1.0,0,1,1,1,0,1,0,0,0
388,28.0,0,0,389,3,1,0.0,1,0,1,1,0,0,1,0,0
389,17.0,1,0,390,2,0,1.0,0,0,1,1,0,1,0,0,0
390,36.0,3,2,391,1,1,1.0,0,1,4,0,1,0,1,0,0
391,21.0,0,0,392,3,1,1.0,0,1,1,1,0,0,1,0,0
392,28.0,1,0,393,3,1,0.0,0,1,3,0,0,0,1,0,0
393,23.0,3,0,394,1,0,1.0,0,0,2,0,1,1,0,0,0
394,24.0,2,2,395,3,0,1.0,0,1,3,0,1,0,0,1,0
395,22.0,0,0,396,3,1,0.0,0,1,1,1,0,0,1,0,0
396,31.0,0,0,397,3,0,0.0,0,1,1,1,0,1,0,0,0
397,46.0,2,0,398,2,1,0.0,0,1,1,1,0,0,1,0,0
398,23.0,1,0,399,2,1,0.0,0,1,1,1,0,0,0,0,1
399,28.0,1,0,400,2,0,1.0,0,1,1,1,0,0,0,1,0
400,39.0,1,0,401,3,1,1.0,0,1,1,1,0,0,1,0,0
401,26.0,1,0,402,3,1,0.0,0,1,1,1,0,0,1,0,0
402,21.0,1,0,403,3,0,0.0,0,1,2,0,0,1,0,0,0
403,28.0,2,0,404,3,1,0.0,0,1,2,0,0,0,1,0,0
404,20.0,1,0,405,3,0,0.0,0,1,1,1,0,1,0,0,0
405,34.0,2,0,406,2,1,0.0,0,1,2,0,0,0,1,0,0
406,51.0,0,0,407,3,1,0.0,0,1,1,1,0,0,1,0,0
407,3.0,2,1,408,2,1,1.0,0,1,3,0,0,0,0,0,0
408,21.0,0,0,409,3,1,0.0,0,1,1,1,0,0,1,0,0
409,28.0,2,1,410,3,0,0.0,0,1,5,0,0,1,0,0,0
410,28.0,0,0,411,3,1,0.0,0,1,1,1,0,0,1,0,0
411,28.0,0,0,412,3,1,0.0,1,0,1,1,0,0,1,0,0
412,33.0,3,0,413,1,0,1.0,1,0,2,0,1,1,0,0,0
413,28.0,0,0,414,2,1,0.0,0,1,1,1,0,0,1,0,0
414,44.0,1,0,415,3,1,1.0,0,1,1,1,0,0,1,0,0
415,28.0,1,0,416,3,0,0.0,0,1,1,1,0,0,0,1,0
416,34.0,3,1,417,2,0,1.0,0,1,3,0,0,0,0,1,0
417,18.0,1,2,418,2,0,1.0,0,1,3,0,0,1,0,0,0
418,30.0,1,0,419,2,1,0.0,0,1,1,1,0,0,1,0,0
419,10.0,2,2,420,3,0,0.0,0,1,3,0,0,1,0,0,0
420,28.0,0,0,421,3,1,0.0,0,0,1,1,0,0,1,0,0
421,21.0,0,0,422,3,1,0.0,1,0,1,1,0,0,1,0,0
422,29.0,0,0,423,3,1,0.0,0,1,1,1,0,0,1,0,0
423,28.0,1,1,424,3,0,0.0,0,1,3,0,0,0,0,1,0
424,18.0,2,1,425,3,1,0.0,0,1,3,0,0,0,1,0,0
425,28.0,0,0,426,3,1,0.0,0,1,1,1,0,0,1,0,0
426,28.0,2,0,427,2,0,1.0,0,1,2,0,0,0,0,1,0
427,19.0,2,0,428,2,0,1.0,0,1,1,1,0,1,0,0,0
428,28.0,0,0,429,3,1,0.0,1,0,1,1,0,0,1,0,0
429,32.0,1,0,430,3,1,1.0,0,1,1,1,1,0,1,0,0
430,28.0,2,0,431,1,1,1.0,0,1,1,1,1,0,1,0,0
431,28.0,2,0,432,3,0,1.0,0,1,2,0,0,0,0,1,0
432,42.0,2,0,433,2,0,1.0,0,1,2,0,0,0,0,1,0
433,17.0,0,0,434,3,1,0.0,0,1,1,1,0,0,1,0,0
434,50.0,3,0,435,1,1,0.0,0,1,2,0,1,0,1,0,0
435,14.0,3,2,436,1,0,1.0,0,1,4,0,1,1,0,0,0
436,21.0,3,2,437,3,0,0.0,0,1,5,0,0,1,0,0,0
437,24.0,2,3,438,2,0,1.0,0,1,6,0,0,0,0,1,0
438,64.0,3,4,439,1,1,0.0,0,1,6,0,1,0,1,0,0
439,31.0,1,0,440,2,1,0.0,0,1,1,1,0,0,1,0,0
440,45.0,2,1,441,2,0,1.0,0,1,3,0,0,0,0,1,0
441,20.0,1,0,442,3,1,0.0,0,1,1,1,0,0,1,0,0
442,25.0,0,0,443,3,1,0.0,0,1,2,0,0,0,1,0,0
443,28.0,1,0,444,2,0,1.0,0,1,1,1,0,1,0,0,0
444,28.0,1,0,445,3,1,1.0,0,1,1,1,0,0,1,0,0
445,4.0,3,2,446,1,1,1.0,0,1,3,0,1,0,0,0,0
446,13.0,2,1,447,2,0,1.0,0,1,2,0,0,1,0,0,0
447,34.0,2,0,448,1,1,1.0,0,1,1,1,0,0,1,0,0
448,5.0,2,1,449,3,0,1.0,0,0,4,0,0,1,0,0,0
449,52.0,2,0,450,1,1,1.0,0,1,1,1,1,0,0,0,1
450,36.0,2,2,451,2,1,0.0,0,1,4,0,0,0,1,0,0
451,28.0,2,0,452,3,1,0.0,0,1,2,0,0,0,1,0,0
452,30.0,2,0,453,1,1,0.0,0,0,1,1,1,0,1,0,0
453,49.0,3,0,454,1,1,1.0,0,0,2,0,1,0,1,0,0
454,28.0,1,0,455,3,1,0.0,0,1,1,1,0,0,1,0,0
455,29.0,0,0,456,3,1,1.0,0,0,1,1,0,0,1,0,0
456,65.0,2,0,457,1,1,0.0,0,1,1,1,1,0,1,0,0
457,28.0,3,0,458,1,0,1.0,0,1,2,0,1,0,0,1,0
458,50.0,1,0,459,2,0,1.0,0,1,1,1,0,1,0,0,0
459,28.0,0,0,460,3,1,0.0,1,0,1,1,0,0,1,0,0
460,48.0,2,0,461,1,1,1.0,0,1,1,1,1,0,1,0,0
461,34.0,1,0,462,3,1,0.0,0,1,1,1,0,0,1,0,0
462,47.0,3,0,463,1,1,0.0,0,1,1,1,1,0,1,0,0
463,48.0,1,0,464,2,1,0.0,0,1,1,1,0,0,1,0,0
464,28.0,1,0,465,3,1,0.0,0,1,1,1,0,0,1,0,0
465,38.0,0,0,466,3,1,0.0,0,1,1,1,0,0,1,0,0
466,28.0,0,0,467,2,1,0.0,0,1,1,1,0,0,1,0,0
467,56.0,2,0,468,1,1,0.0,0,1,1,1,0,0,1,0,0
468,28.0,0,0,469,3,1,0.0,1,0,1,1,0,0,1,0,0
469,0.75,2,1,470,3,0,1.0,0,0,4,0,0,1,0,0,0
470,28.0,0,0,471,3,1,0.0,0,1,1,1,0,0,1,0,0
471,38.0,1,0,472,3,1,0.0,0,1,1,1,0,0,1,0,0
472,33.0,2,2,473,2,0,1.0,0,1,4,0,0,0,0,1,0
473,23.0,1,0,474,2,0,1.0,0,0,1,1,1,0,0,1,0
474,22.0,1,0,475,3,0,0.0,0,1,1,1,0,1,0,0,0
475,28.0,3,0,476,1,1,0.0,0,1,1,1,1,0,1,0,0
476,34.0,2,0,477,2,1,0.0,0,1,2,0,0,0,1,0,0
477,29.0,0,0,478,3,1,0.0,0,1,2,0,0,0,1,0,0
478,22.0,0,0,479,3,1,0.0,0,1,1,1,0,0,1,0,0
479,2.0,1,1,480,3,0,1.0,0,1,2,0,0,1,0,0,0
480,9.0,3,2,481,3,1,0.0,0,1,8,0,0,0,0,0,0
481,28.0,0,0,482,2,1,0.0,0,1,1,1,0,0,1,0,0
482,50.0,1,0,483,3,1,0.0,0,1,1,1,0,0,1,0,0
483,63.0,1,0,484,3,0,1.0,0,1,1,1,0,0,0,1,0
484,25.0,3,0,485,1,1,1.0,0,0,2,0,1,0,1,0,0
485,28.0,2,1,486,3,0,0.0,0,1,5,0,0,1,0,0,0
486,35.0,3,0,487,1,0,1.0,0,1,2,0,1,0,0,1,0
487,58.0,2,0,488,1,1,0.0,0,0,1,1,1,0,1,0,0
488,30.0,1,0,489,3,1,0.0,0,1,1,1,0,0,1,0,0
489,9.0,2,1,490,3,1,1.0,0,1,3,0,0,0,0,0,0
490,28.0,2,0,491,3,1,0.0,0,1,2,0,0,0,1,0,0
491,21.0,0,0,492,3,1,0.0,0,1,1,1,0,0,1,0,0
492,55.0,2,0,493,1,1,0.0,0,1,1,1,1,0,1,0,0
493,71.0,3,0,494,1,1,0.0,0,0,1,1,0,0,1,0,0
494,21.0,1,0,495,3,1,0.0,0,1,1,1,0,0,1,0,0
495,28.0,2,0,496,3,1,0.0,0,0,1,1,0,0,1,0,0
496,54.0,3,0,497,1,0,1.0,0,0,2,0,1,1,0,0,0
497,28.0,2,0,498,3,1,0.0,0,1,1,1,0,0,1,0,0
498,25.0,3,2,499,1,0,0.0,0,1,4,0,1,0,0,1,0
499,24.0,0,0,500,3,1,0.0,0,1,1,1,0,0,1,0,0
500,17.0,1,0,501,3,1,0.0,0,1,1,1,0,0,1,0,0
501,21.0,0,0,502,3,0,0.0,1,0,1,1,0,1,0,0,0
502,28.0,0,0,503,3,0,0.0,1,0,1,1,0,1,0,0,0
503,37.0,1,0,504,3,0,0.0,0,1,1,1,0,1,0,0,0
504,16.0,3,0,505,1,0,1.0,0,1,1,1,1,1,0,0,0
505,18.0,3,0,506,1,1,0.0,0,0,2,0,1,0,1,0,0
506,33.0,2,2,507,2,0,1.0,0,1,3,0,0,0,0,1,0
507,28.0,2,0,508,1,1,1.0,0,1,1,1,0,0,1,0,0
508,28.0,2,0,509,3,1,0.0,0,1,1,1,0,0,1,0,0
509,26.0,3,0,510,3,1,1.0,0,1,1,1,0,0,1,0,0
510,29.0,0,0,511,3,1,1.0,1,0,1,1,0,0,1,0,0
511,28.0,1,0,512,3,1,0.0,0,1,1,1,0,0,1,0,0
512,36.0,2,0,513,1,1,1.0,0,1,1,1,1,0,1,0,0
513,54.0,3,0,514,1,0,1.0,0,0,2,0,0,0,0,1,0
514,24.0,0,0,515,3,1,0.0,0,1,1,1,0,0,1,0,0
515,47.0,3,0,516,1,1,0.0,0,1,1,1,1,0,1,0,0
516,34.0,1,0,517,2,0,1.0,0,1,1,1,1,0,0,1,0
517,28.0,2,0,518,3,1,0.0,1,0,1,1,0,0,1,0,0
518,36.0,2,0,519,2,0,1.0,0,1,2,0,0,0,0,1,0
519,32.0,0,0,520,3,1,0.0,0,1,1,1,0,0,1,0,0
520,30.0,3,0,521,1,0,1.0,0,1,1,1,1,1,0,0,0
521,22.0,0,0,522,3,1,0.0,0,1,1,1,0,0,1,0,0
522,28.0,0,0,523,3,1,0.0,0,0,1,1,0,0,1,0,0
523,44.0,3,1,524,1,0,1.0,0,0,2,0,1,0,0,1,0
524,28.0,0,0,525,3,1,0.0,0,0,1,1,0,0,1,0,0
525,40.5,0,0,526,3,1,0.0,1,0,1,1,0,0,1,0,0
526,50.0,1,0,527,2,0,1.0,0,1,1,1,0,1,0,0,0
527,28.0,3,0,528,1,1,0.0,0,1,1,1,1,0,1,0,0
528,39.0,1,0,529,3,1,0.0,0,1,1,1,0,0,1,0,0
529,23.0,1,1,530,2,1,0.0,0,1,4,0,0,0,1,0,0
530,2.0,2,1,531,2,0,1.0,0,1,3,0,0,1,0,0,0
531,28.0,0,0,532,3,1,0.0,0,0,1,1,0,0,1,0,0
532,17.0,0,1,533,3,1,0.0,0,0,3,0,0,0,1,0,0
533,28.0,2,2,534,3,0,1.0,0,0,3,0,0,0,0,1,0
534,30.0,1,0,535,3,0,0.0,0,1,1,1,0,1,0,0,0
535,7.0,2,2,536,2,0,1.0,0,1,3,0,0,1,0,0,0
536,45.0,2,0,537,1,1,0.0,0,1,1,1,1,0,0,0,1
537,30.0,3,0,538,1,0,1.0,0,0,1,1,0,1,0,0,0
538,28.0,2,0,539,3,1,0.0,0,1,1,1,0,0,1,0,0
539,22.0,3,2,540,1,0,1.0,0,0,3,0,1,1,0,0,0
540,36.0,3,2,541,1,0,1.0,0,1,3,0,1,1,0,0,0
541,9.0,3,2,542,3,0,0.0,0,1,7,0,0,1,0,0,0
542,11.0,3,2,543,3,0,0.0,0,1,7,0,0,1,0,0,0
543,32.0,2,0,544,2,1,1.0,0,1,2,0,0,0,1,0,0
544,50.0,3,0,545,1,1,0.0,0,0,2,0,1,0,1,0,0
545,64.0,2,0,546,1,1,0.0,0,1,1,1,0,0,1,0,0
546,19.0,2,0,547,2,0,1.0,0,1,2,0,0,0,0,1,0
547,28.0,1,0,548,2,1,1.0,0,0,1,1,0,0,1,0,0
548,33.0,2,1,549,3,1,0.0,0,1,3,0,0,0,1,0,0
549,8.0,3,1,550,2,1,1.0,0,1,3,0,0,0,0,0,0
550,17.0,3,2,551,1,1,1.0,0,0,3,0,1,0,1,0,0
551,27.0,2,0,552,2,1,0.0,0,1,1,1,0,0,1,0,0
552,28.0,0,0,553,3,1,0.0,1,0,1,1,0,0,1,0,0
553,22.0,0,0,554,3,1,1.0,0,0,1,1,0,0,1,0,0
554,22.0,0,0,555,3,0,1.0,0,1,1,1,0,1,0,0,0
555,62.0,2,0,556,1,1,0.0,0,1,1,1,0,0,1,0,0
556,48.0,3,0,557,1,0,1.0,0,0,2,0,1,0,0,0,1
557,28.0,3,0,558,1,1,0.0,0,0,1,1,0,0,1,0,0
558,39.0,3,1,559,1,0,1.0,0,1,3,0,1,0,0,1,0
559,36.0,2,0,560,3,0,1.0,0,1,2,0,0,0,0,1,0
560,28.0,0,0,561,3,1,0.0,1,0,1,1,0,0,1,0,0
561,40.0,0,0,562,3,1,0.0,0,1,1,1,0,0,1,0,0
562,28.0,1,0,563,2,1,0.0,0,1,1,1,0,0,1,0,0
563,28.0,1,0,564,3,1,0.0,0,1,1,1,0,0,1,0,0
564,28.0,1,0,565,3,0,0.0,0,1,1,1,0,1,0,0,0
565,24.0,2,0,566,3,1,0.0,0,1,3,0,0,0,1,0,0
566,19.0,0,0,567,3,1,0.0,0,1,1,1,0,0,1,0,0
567,29.0,2,4,568,3,0,0.0,0,1,5,0,0,0,0,1,0
568,28.0,0,0,569,3,1,0.0,0,0,1,1,0,0,1,0,0
569,32.0,0,0,570,3,1,1.0,0,1,1,1,0,0,1,0,0
570,62.0,1,0,571,2,1,1.0,0,1,1,1,0,0,1,0,0
571,53.0,3,0,572,1,0,1.0,0,1,3,0,1,0,0,1,0
572,36.0,2,0,573,1,1,1.0,0,1,1,1,1,0,1,0,0
573,28.0,0,0,574,3,0,1.0,1,0,1,1,0,1,0,0,0
574,16.0,1,0,575,3,1,0.0,0,1,1,1,0,0,1,0,0
575,19.0,2,0,576,3,1,0.0,0,1,1,1,0,0,1,0,0
576,34.0,1,0,577,2,0,1.0,0,1,1,1,0,1,0,0,0
577,39.0,3,0,578,1,0,1.0,0,1,2,0,1,0,0,1,0
578,28.0,2,0,579,3,0,0.0,0,0,2,0,0,0,0,1,0
579,32.0,1,0,580,3,1,1.0,0,1,1,1,0,0,1,0,0
580,25.0,2,1,581,2,0,1.0,0,1,3,0,0,1,0,0,0
581,39.0,3,1,582,1,0,1.0,0,0,3,0,1,0,0,1,0
582,54.0,2,0,583,2,1,0.0,0,1,1,1,0,0,1,0,0
583,36.0,3,0,584,1,1,0.0,0,0,1,1,1,0,1,0,0
584,28.0,1,0,585,3,1,0.0,0,0,1,1,0,0,1,0,0
585,18.0,3,2,586,1,0,1.0,0,1,3,0,1,1,0,0,0
586,47.0,2,0,587,2,1,0.0,0,1,1,1,0,0,1,0,0
587,60.0,3,1,588,1,1,1.0,0,0,3,0,1,0,1,0,0
588,22.0,1,0,589,3,1,0.0,0,1,1,1,0,0,1,0,0
589,28.0,1,0,590,3,1,0.0,0,1,1,1,0,0,1,0,0
590,35.0,0,0,591,3,1,0.0,0,1,1,1,0,0,1,0,0
591,52.0,3,0,592,1,0,1.0,0,0,2,0,1,0,0,1,0
592,47.0,0,0,593,3,1,0.0,0,1,1,1,0,0,1,0,0
593,28.0,0,2,594,3,0,0.0,1,0,3,0,0,1,0,0,0
594,37.0,2,0,595,2,1,0.0,0,1,2,0,0,0,1,0,0
595,36.0,2,1,596,3,1,0.0,0,1,3,0,0,0,1,0,0
596,28.0,3,0,597,2,0,1.0,0,1,1,1,0,1,0,0,0
597,49.0,0,0,598,3,1,0.0,0,1,1,1,0,0,1,0,0
598,28.0,0,0,599,3,1,0.0,0,0,1,1,0,0,1,0,0
599,49.0,3,0,600,1,1,1.0,0,0,2,0,1,0,1,0,0
600,24.0,2,1,601,2,0,1.0,0,1,4,0,0,0,0,1,0
601,28.0,0,0,602,3,1,0.0,0,1,1,1,0,0,1,0,0
602,28.0,3,0,603,1,1,0.0,0,1,1,1,0,0,1,0,0
603,44.0,1,0,604,3,1,0.0,0,1,1,1,0,0,1,0,0
604,35.0,2,0,605,1,1,1.0,0,0,1,1,0,0,1,0,0
605,36.0,2,0,606,3,1,0.0,0,1,2,0,0,0,1,0,0
606,30.0,0,0,607,3,1,0.0,0,1,1,1,0,0,1,0,0
607,27.0,2,0,608,1,1,1.0,0,1,1,1,0,0,1,0,0
608,22.0,3,2,609,2,0,1.0,0,0,4,0,0,0,0,1,0
609,40.0,3,0,610,1,0,1.0,0,1,1,1,1,1,0,0,0
610,39.0,3,5,611,3,0,0.0,0,1,7,0,0,0,0,1,0
611,28.0,0,0,612,3,1,0.0,0,1,1,1,0,0,1,0,0
612,28.0,2,0,613,3,0,1.0,1,0,2,0,0,1,0,0,0
613,28.0,0,0,614,3,1,0.0,1,0,1,1,0,0,1,0,0
614,35.0,1,0,615,3,1,0.0,0,1,1,1,0,0,1,0,0
615,24.0,3,2,616,2,0,1.0,0,1,4,0,0,1,0,0,0
616,34.0,1,1,617,3,1,0.0,0,1,3,0,0,0,1,0,0
617,26.0,2,0,618,3,0,0.0,0,1,2,0,0,0,0,1,0
618,4.0,3,1,619,2,0,1.0,0,1,4,0,1,1,0,0,0
619,26.0,1,0,620,2,1,0.0,0,1,1,1,0,0,1,0,0
620,27.0,2,0,621,3,1,0.0,0,0,2,0,0,0,1,0,0
621,42.0,3,0,622,1,1,1.0,0,1,2,0,1,0,1,0,0
622,20.0,2,1,623,3,1,1.0,0,0,3,0,0,0,1,0,0
623,21.0,0,0,624,3,1,0.0,0,1,1,1,0,0,1,0,0
624,21.0,2,0,625,3,1,0.0,0,1,1,1,0,0,1,0,0
625,61.0,3,0,626,1,1,0.0,0,1,1,1,1,0,1,0,0
626,57.0,1,0,627,2,1,0.0,1,0,1,1,0,0,0,0,1
627,21.0,3,0,628,1,0,1.0,0,1,1,1,1,1,0,0,0
628,26.0,0,0,629,3,1,0.0,0,1,1,1,0,0,1,0,0
629,28.0,0,0,630,3,1,0.0,1,0,1,1,0,0,1,0,0
630,80.0,2,0,631,1,1,1.0,0,1,1,1,1,0,1,0,0
631,51.0,0,0,632,3,1,0.0,0,1,1,1,0,0,1,0,0
632,32.0,2,0,633,1,1,1.0,0,0,1,1,1,0,0,0,1
633,28.0,0,0,634,1,1,0.0,0,1,1,1,0,0,1,0,0
634,9.0,2,2,635,3,0,0.0,0,1,6,0,0,1,0,0,0
635,28.0,1,0,636,2,0,1.0,0,1,1,1,0,1,0,0,0
636,32.0,1,0,637,3,1,0.0,0,1,1,1,0,0,1,0,0
637,31.0,2,1,638,2,1,0.0,0,1,3,0,0,0,1,0,0
638,41.0,3,5,639,3,0,0.0,0,1,6,0,0,0,0,1,0
639,28.0,2,0,640,3,1,0.0,0,1,2,0,0,0,1,0,0
640,20.0,0,0,641,3,1,0.0,0,1,1,1,0,0,1,0,0
641,24.0,3,0,642,1,0,1.0,0,0,1,1,1,1,0,0,0
642,2.0,2,2,643,3,0,0.0,0,1,6,0,0,1,0,0,0
643,28.0,3,0,644,3,1,1.0,0,1,1,1,0,0,1,0,0
644,0.75,2,1,645,3,0,1.0,0,0,4,0,0,1,0,0,0
645,48.0,3,0,646,1,1,1.0,0,0,2,0,1,0,1,0,0
646,19.0,0,0,647,3,1,0.0,0,1,1,1,0,0,1,0,0
647,56.0,3,0,648,1,1,1.0,0,0,1,1,1,0,0,0,1
648,28.0,0,0,649,3,1,0.0,0,1,1,1,0,0,1,0,0
649,23.0,0,0,650,3,0,1.0,0,1,1,1,0,1,0,0,0
650,28.0,0,0,651,3,1,0.0,0,1,1,1,0,0,1,0,0
651,18.0,2,1,652,2,0,1.0,0,1,2,0,0,1,0,0,0
652,21.0,1,0,653,3,1,0.0,0,1,1,1,0,0,1,0,0
653,28.0,0,0,654,3,0,1.0,1,0,1,1,0,1,0,0,0
654,18.0,0,0,655,3,0,0.0,1,0,1,1,0,1,0,0,0
655,24.0,3,0,656,2,1,0.0,0,1,3,0,0,0,1,0,0
656,28.0,0,0,657,3,1,0.0,0,1,1,1,0,0,1,0,0
657,32.0,2,1,658,3,0,0.0,1,0,3,0,0,0,0,1,0
658,23.0,1,0,659,2,1,0.0,0,1,1,1,0,0,1,0,0
659,58.0,3,2,660,1,1,0.0,0,0,3,0,1,0,1,0,0
660,50.0,3,0,661,1,1,1.0,0,1,3,0,0,0,0,0,1
661,40.0,0,0,662,3,1,0.0,0,0,1,1,0,0,1,0,0
662,47.0,2,0,663,1,1,0.0,0,1,1,1,1,0,1,0,0
663,36.0,0,0,664,3,1,0.0,0,1,1,1,0,0,1,0,0
664,20.0,1,0,665,3,1,1.0,0,1,2,0,0,0,1,0,0
665,32.0,3,0,666,2,1,0.0,0,1,3,0,0,0,1,0,0
666,25.0,1,0,667,2,1,0.0,0,1,1,1,0,0,1,0,0
667,28.0,0,0,668,3,1,0.0,0,1,1,1,0,0,1,0,0
668,43.0,1,0,669,3,1,0.0,0,1,1,1,0,0,1,0,0
669,28.0,3,0,670,1,0,1.0,0,1,2,0,1,0,0,1,0
670,40.0,3,1,671,2,0,1.0,0,1,3,0,0,0,0,1,0
671,31.0,3,0,672,1,1,0.0,0,1,2,0,1,0,1,0,0
672,70.0,1,0,673,2,1,0.0,0,1,1,1,0,0,1,0,0
673,31.0,1,0,674,2,1,1.0,0,1,1,1,0,0,1,0,0
674,28.0,0,0,675,2,1,0.0,0,1,1,1,0,0,1,0,0
675,18.0,0,0,676,3,1,0.0,0,1,1,1,0,0,1,0,0
676,24.5,1,0,677,3,1,0.0,0,1,1,1,0,0,1,0,0
677,18.0,1,0,678,3,0,1.0,0,1,1,1,0,1,0,0,0
678,43.0,3,6,679,3,0,0.0,0,1,8,0,0,0,0,1,0
679,36.0,3,1,680,1,1,1.0,0,0,2,0,1,0,1,0,0
680,28.0,1,0,681,3,0,0.0,1,0,1,1,0,1,0,0,0
681,27.0,3,0,682,1,1,1.0,0,0,1,1,1,0,1,0,0
682,20.0,1,0,683,3,1,0.0,0,1,1,1,0,0,1,0,0
683,14.0,3,2,684,3,1,0.0,0,1,8,0,0,0,1,0,0
684,60.0,3,1,685,2,1,0.0,0,1,3,0,0,0,1,0,0
685,25.0,3,2,686,2,1,0.0,0,0,4,0,0,0,1,0,0
686,14.0,3,1,687,3,1,0.0,0,1,6,0,0,0,1,0,0
687,19.0,1,0,688,3,1,0.0,0,1,1,1,0,0,1,0,0
688,18.0,0,0,689,3,1,0.0,0,1,1,1,0,0,1,0,0
689,15.0,3,1,690,1,0,1.0,0,1,2,0,1,1,0,0,0
690,31.0,3,0,691,1,1,1.0,0,1,2,0,1,0,1,0,0
691,4.0,1,1,692,3,0,1.0,0,0,2,0,0,1,0,0,0
692,28.0,3,0,693,3,1,1.0,0,1,1,1,0,0,1,0,0
693,25.0,0,0,694,3,1,0.0,0,0,1,1,0,0,1,0,0
694,60.0,2,0,695,1,1,0.0,0,1,1,1,0,0,0,0,1
695,52.0,1,0,696,2,1,0.0,0,1,1,1,0,0,1,0,0
696,44.0,1,0,697,3,1,0.0,0,1,1,1,0,0,1,0,0
697,28.0,0,0,698,3,0,1.0,1,0,1,1,0,1,0,0,0
698,49.0,3,1,699,1,1,0.0,0,0,3,0,1,0,1,0,0
699,42.0,0,0,700,3,1,0.0,0,1,1,1,1,0,1,0,0
700,18.0,3,0,701,1,0,1.0,0,0,2,0,1,0,0,1,0
701,35.0,2,0,702,1,1,1.0,0,1,1,1,1,0,1,0,0
702,18.0,2,1,703,3,0,0.0,0,0,2,0,0,1,0,0,0
703,25.0,0,0,704,3,1,0.0,1,0,1,1,0,0,1,0,0
704,26.0,0,0,705,3,1,0.0,0,1,2,0,0,0,1,0,0
705,39.0,2,0,706,2,1,0.0,0,1,1,1,0,0,1,0,0
706,45.0,1,0,707,2,0,1.0,0,1,1,1,0,0,0,1,0
707,42.0,2,0,708,1,1,1.0,0,1,1,1,1,0,1,0,0
708,22.0,3,0,709,1,0,1.0,0,1,1,1,0,1,0,0,0
709,28.0,2,1,710,3,1,1.0,0,0,3,0,0,0,0,0,0
710,24.0,3,0,711,1,0,1.0,0,0,1,1,1,1,0,0,0
711,28.0,2,0,712,1,1,0.0,0,1,1,1,1,0,1,0,0
712,48.0,3,0,713,1,1,1.0,0,1,2,0,1,0,1,0,0
713,29.0,1,0,714,3,1,0.0,0,1,1,1,0,0,1,0,0
714,52.0,1,0,715,2,1,0.0,0,1,1,1,0,0,1,0,0
715,19.0,0,0,716,3,1,0.0,0,1,1,1,1,0,1,0,0
716,38.0,3,0,717,1,0,1.0,0,0,1,1,1,1,0,0,0
717,27.0,1,0,718,2,0,1.0,0,1,1,1,1,1,0,0,0
718,28.0,2,0,719,3,1,0.0,1,0,1,1,0,0,1,0,0
719,33.0,0,0,720,3,1,0.0,0,1,1,1,0,0,1,0,0
720,6.0,3,1,721,2,0,1.0,0,1,2,0,0,1,0,0,0
721,17.0,0,0,722,3,1,0.0,0,1,2,0,0,0,1,0,0
722,34.0,1,0,723,2,1,0.0,0,1,1,1,0,0,1,0,0
723,50.0,1,0,724,2,1,0.0,0,1,1,1,0,0,1,0,0
724,27.0,3,0,725,1,1,1.0,0,1,2,0,1,0,1,0,0
725,20.0,1,0,726,3,1,0.0,0,1,1,1,0,0,1,0,0
726,30.0,2,0,727,2,0,1.0,0,1,4,0,0,0,0,1,0
727,28.0,0,0,728,3,0,1.0,1,0,1,1,0,1,0,0,0
728,25.0,2,0,729,2,1,0.0,0,1,2,0,0,0,1,0,0
729,25.0,1,0,730,3,0,0.0,0,1,2,0,0,1,0,0,0
730,29.0,3,0,731,1,0,1.0,0,1,1,1,1,1,0,0,0
731,11.0,2,0,732,3,1,0.0,0,0,1,1,0,0,1,0,0
732,28.0,0,0,733,2,1,0.0,0,1,1,1,0,0,1,0,0
733,23.0,1,0,734,2,1,0.0,0,1,1,1,0,0,1,0,0
734,23.0,1,0,735,2,1,0.0,0,1,1,1,0,0,1,0,0
735,28.5,2,0,736,3,1,0.0,0,1,1,1,0,0,1,0,0
736,48.0,3,3,737,3,0,0.0,0,1,5,0,0,0,0,1,0
737,35.0,3,0,738,1,1,1.0,0,0,1,1,1,0,1,0,0
738,28.0,0,0,739,3,1,0.0,0,1,1,1,0,0,1,0,0
739,28.0,0,0,740,3,1,0.0,0,1,1,1,0,0,1,0,0
740,28.0,2,0,741,1,1,1.0,0,1,1,1,1,0,1,0,0
741,36.0,3,0,742,1,1,0.0,0,1,2,0,1,0,1,0,0
742,21.0,3,2,743,1,0,1.0,0,0,5,0,1,1,0,0,0
743,24.0,2,0,744,3,1,0.0,0,1,2,0,0,0,1,0,0
744,31.0,1,0,745,3,1,1.0,0,1,1,1,0,0,1,0,0
745,70.0,3,1,746,1,1,0.0,0,1,3,0,1,0,0,0,1
746,16.0,2,1,747,3,1,0.0,0,1,3,0,0,0,1,0,0
747,30.0,1,0,748,2,0,1.0,0,1,1,1,0,1,0,0,0
748,19.0,3,0,749,1,1,0.0,0,1,2,0,1,0,1,0,0
749,31.0,0,0,750,3,1,0.0,1,0,1,1,0,0,1,0,0
750,4.0,2,1,751,2,0,1.0,0,1,3,0,0,1,0,0,0
751,6.0,1,1,752,3,1,1.0,0,1,2,0,1,0,0,0,0
752,33.0,1,0,753,3,1,0.0,0,1,1,1,0,0,1,0,0
753,23.0,0,0,754,3,1,0.0,0,1,1,1,0,0,1,0,0
754,48.0,3,2,755,2,0,1.0,0,1,4,0,0,0,0,1,0
755,0.67,2,1,756,2,1,1.0,0,1,3,0,0,0,0,0,0
756,28.0,0,0,757,3,1,0.0,0,1,1,1,0,0,1,0,0
757,18.0,1,0,758,2,1,0.0,0,1,1,1,0,0,1,0,0
758,34.0,1,0,759,3,1,0.0,0,1,1,1,0,0,1,0,0
759,33.0,3,0,760,1,0,1.0,0,1,1,1,1,0,0,0,1
760,28.0,2,0,761,3,1,0.0,0,1,1,1,0,0,1,0,0
761,41.0,0,0,762,3,1,0.0,0,1,1,1,0,0,1,0,0
762,20.0,0,0,763,3,1,1.0,0,0,1,1,0,0,1,0,0
763,36.0,3,2,764,1,0,1.0,0,1,4,0,1,0,0,1,0
764,16.0,0,0,765,3,1,0.0,0,1,1,1,0,0,1,0,0
765,51.0,3,0,766,1,0,1.0,0,1,2,0,1,0,0,1,0
766,28.0,3,0,767,1,1,0.0,0,0,1,1,0,0,0,0,1
767,30.5,0,0,768,3,0,0.0,1,0,1,1,0,1,0,0,0
768,28.0,2,0,769,3,1,0.0,1,0,2,0,0,0,1,0,0
769,32.0,1,0,770,3,1,0.0,0,1,1,1,0,0,1,0,0
770,24.0,1,0,771,3,1,0.0,0,1,1,1,0,0,1,0,0
771,48.0,0,0,772,3,1,0.0,0,1,1,1,0,0,1,0,0
772,57.0,1,0,773,2,0,0.0,0,1,1,1,1,0,0,1,0
773,28.0,0,0,774,3,1,0.0,0,0,1,1,0,0,1,0,0
774,54.0,2,3,775,2,0,1.0,0,1,5,0,0,0,0,1,0
775,18.0,0,0,776,3,1,0.0,0,1,1,1,0,0,1,0,0
776,28.0,0,0,777,3,1,0.0,1,0,1,1,1,0,1,0,0
777,5.0,1,0,778,3,0,1.0,0,1,1,1,0,1,0,0,0
778,28.0,0,0,779,3,1,0.0,1,0,1,1,0,0,1,0,0
779,43.0,3,1,780,1,0,1.0,0,1,2,0,1,0,0,1,0
780,13.0,0,0,781,3,0,1.0,0,0,1,1,0,1,0,0,0
781,17.0,3,0,782,1,0,1.0,0,1,2,0,1,0,0,1,0
782,29.0,2,0,783,1,1,0.0,0,1,1,1,1,0,1,0,0
783,28.0,2,2,784,3,1,0.0,0,1,4,0,0,0,1,0,0
784,25.0,0,0,785,3,1,0.0,0,1,1,1,0,0,1,0,0
785,25.0,0,0,786,3,1,0.0,0,1,1,1,0,0,1,0,0
786,18.0,0,0,787,3,0,1.0,0,1,1,1,0,1,0,0,0
787,8.0,2,1,788,3,1,0.0,1,0,6,0,0,0,0,0,0
788,1.0,2,2,789,3,1,1.0,0,1,4,0,0,0,0,0,0
789,46.0,3,0,790,1,1,0.0,0,0,1,1,1,0,1,0,0
790,28.0,0,0,791,3,1,0.0,1,0,1,1,0,0,1,0,0
791,16.0,2,0,792,2,1,0.0,0,1,1,1,0,0,1,0,0
792,28.0,3,2,793,3,0,0.0,0,1,11,0,0,1,0,0,0
793,28.0,2,0,794,1,1,0.0,0,0,1,1,0,0,1,0,0
794,25.0,0,0,795,3,1,0.0,0,1,1,1,0,0,1,0,0
795,39.0,1,0,796,2,1,0.0,0,1,1,1,0,0,1,0,0
796,49.0,2,0,797,1,0,1.0,0,1,1,1,1,0,0,0,1
797,31.0,1,0,798,3,0,1.0,0,1,1,1,0,0,0,1,0
798,30.0,0,0,799,3,1,0.0,0,0,1,1,0,0,1,0,0
799,30.0,2,1,800,3,0,0.0,0,1,3,0,0,0,0,1,0
800,34.0,1,0,801,2,1,0.0,0,1,1,1,0,0,1,0,0
801,31.0,2,1,802,2,0,1.0,0,1,3,0,0,0,0,1,0
802,11.0,3,2,803,1,1,1.0,0,1,4,0,1,0,0,0,0
803,0.42,1,1,804,3,1,1.0,0,0,2,0,0,0,0,0,0
804,27.0,0,0,805,3,1,1.0,0,1,1,1,0,0,1,0,0
805,31.0,0,0,806,3,1,0.0,0,1,1,1,0,0,1,0,0
806,39.0,0,0,807,1,1,0.0,0,1,1,1,1,0,1,0,0
807,18.0,0,0,808,3,0,0.0,0,1,1,1,0,1,0,0,0
808,39.0,1,0,809,2,1,0.0,0,1,1,1,0,0,1,0,0
809,33.0,3,0,810,1,0,1.0,0,1,2,0,1,0,0,1,0
810,26.0,0,0,811,3,1,0.0,0,1,1,1,0,0,1,0,0
811,39.0,2,0,812,3,1,0.0,0,1,1,1,0,0,1,0,0
812,35.0,1,0,813,2,1,0.0,0,1,1,1,0,0,1,0,0
813,6.0,3,2,814,3,0,0.0,0,1,7,0,0,1,0,0,0
814,30.5,1,0,815,3,1,0.0,0,1,1,1,0,0,1,0,0
815,28.0,0,0,816,1,1,0.0,0,1,1,1,1,0,1,0,0
816,23.0,1,0,817,3,0,0.0,0,1,1,1,0,1,0,0,0
817,31.0,3,1,818,2,1,0.0,0,0,3,0,0,0,1,0,0
818,43.0,0,0,819,3,1,0.0,0,1,1,1,0,0,1,0,0
819,10.0,2,2,820,3,1,0.0,0,1,6,0,0,0,0,0,0
820,52.0,3,1,821,1,0,1.0,0,1,3,0,1,0,0,1,0
821,27.0,1,0,822,3,1,1.0,0,1,1,1,0,0,1,0,0
822,38.0,0,0,823,1,1,0.0,0,1,1,1,0,0,0,0,1
823,27.0,1,1,824,3,0,1.0,0,1,2,0,1,0,0,1,0
824,2.0,3,1,825,3,1,0.0,0,1,6,0,0,0,0,0,0
825,28.0,0,0,826,3,1,0.0,1,0,1,1,0,0,1,0,0
826,28.0,3,0,827,3,1,0.0,0,1,1,1,0,0,1,0,0
827,1.0,3,2,828,2,1,1.0,0,0,3,0,0,0,0,0,0
828,28.0,0,0,829,3,1,1.0,1,0,1,1,0,0,1,0,0
829,62.0,3,0,830,1,0,1.0,0,1,1,1,1,0,0,1,0
830,15.0,2,0,831,3,0,1.0,0,0,2,0,0,0,0,1,0
831,0.83,2,1,832,2,1,1.0,0,1,3,0,0,0,0,0,0
832,28.0,0,0,833,3,1,0.0,0,0,1,1,0,0,1,0,0
833,23.0,0,0,834,3,1,0.0,0,1,1,1,0,0,1,0,0
834,18.0,1,0,835,3,1,0.0,0,1,1,1,0,0,1,0,0
835,39.0,3,1,836,1,0,1.0,0,0,3,0,1,1,0,0,0
836,21.0,1,0,837,3,1,0.0,0,1,1,1,0,0,1,0,0
837,28.0,1,0,838,3,1,0.0,0,1,1,1,0,0,1,0,0
838,32.0,3,0,839,3,1,1.0,0,1,1,1,0,0,1,0,0
839,28.0,2,0,840,1,1,1.0,0,0,1,1,1,0,1,0,0
840,20.0,1,0,841,3,1,0.0,0,1,1,1,0,0,1,0,0
841,16.0,1,0,842,2,1,0.0,0,1,1,1,0,0,1,0,0
842,30.0,2,0,843,1,0,1.0,0,0,1,1,0,1,0,0,0
843,34.5,0,0,844,3,1,0.0,0,0,1,1,0,0,1,0,0
844,17.0,1,0,845,3,1,0.0,0,1,1,1,0,0,1,0,0
845,42.0,0,0,846,3,1,0.0,0,1,1,1,0,0,1,0,0
846,28.0,3,2,847,3,1,0.0,0,1,11,0,0,0,1,0,0
847,35.0,0,0,848,3,1,0.0,0,0,1,1,0,0,1,0,0
848,28.0,3,1,849,2,1,0.0,0,1,2,0,0,0,0,0,1
849,28.0,3,0,850,1,0,1.0,0,0,2,0,1,0,0,1,0
850,4.0,3,2,851,3,1,0.0,0,1,7,0,0,0,0,0,0
851,74.0,0,0,852,3,1,0.0,0,1,1,1,0,0,1,0,0
852,9.0,2,1,853,3,0,0.0,0,0,3,0,0,1,0,0,0
853,16.0,3,1,854,1,0,1.0,0,1,2,0,1,1,0,0,0
854,44.0,2,0,855,2,0,0.0,0,1,2,0,0,0,0,1,0
855,18.0,1,1,856,3,0,1.0,0,1,2,0,0,0,0,1,0
856,45.0,3,1,857,1,0,1.0,0,1,3,0,0,0,0,1,0
857,51.0,2,0,858,1,1,1.0,0,1,1,1,1,0,1,0,0
858,24.0,2,3,859,3,0,1.0,0,0,4,0,0,0,0,1,0
859,28.0,0,0,860,3,1,0.0,0,0,1,1,0,0,1,0,0
860,41.0,1,0,861,3,1,0.0,0,1,3,0,0,0,1,0,0
861,21.0,1,0,862,2,1,0.0,0,1,2,0,0,0,1,0,0
862,48.0,2,0,863,1,0,1.0,0,1,1,1,1,0,0,1,0
863,28.0,3,2,864,3,0,0.0,0,1,11,0,0,1,0,0,0
864,24.0,1,0,865,2,1,0.0,0,1,1,1,0,0,1,0,0
865,42.0,1,0,866,2,0,1.0,0,1,1,1,0,0,0,1,0
866,27.0,1,0,867,2,0,1.0,0,0,2,0,0,1,0,0,0
867,31.0,3,0,868,1,1,0.0,0,1,1,1,1,0,1,0,0
868,28.0,1,0,869,3,1,0.0,0,1,1,1,0,0,1,0,0
869,4.0,1,1,870,3,1,1.0,0,1,3,0,0,0,0,0,0
870,26.0,0,0,871,3,1,0.0,0,1,1,1,0,0,1,0,0
871,47.0,3,1,872,1,0,1.0,0,1,3,0,1,0,0,1,0
872,33.0,0,0,873,1,1,0.0,0,1,1,1,1,0,1,0,0
873,47.0,1,0,874,3,1,0.0,0,1,1,1,0,0,1,0,0
874,28.0,2,0,875,2,0,1.0,0,0,2,0,0,0,0,1,0
875,15.0,0,0,876,3,0,1.0,0,0,1,1,0,1,0,0,0
876,20.0,1,0,877,3,1,0.0,0,1,1,1,0,0,1,0,0
877,19.0,0,0,878,3,1,0.0,0,1,1,1,0,0,1,0,0
878,28.0,0,0,879,3,1,0.0,0,1,1,1,0,0,1,0,0
879,56.0,3,1,880,1,0,1.0,0,0,2,0,1,0,0,1,0
880,25.0,2,1,881,2,0,1.0,0,1,2,0,0,0,0,1,0
881,33.0,0,0,882,3,1,0.0,0,1,1,1,0,0,1,0,0
882,22.0,1,0,883,3,0,0.0,0,1,1,1,0,1,0,0,0
883,28.0,1,0,884,2,1,0.0,0,1,1,1,0,0,1,0,0
884,25.0,0,0,885,3,1,0.0,0,1,1,1,0,0,1,0,0
885,39.0,2,5,886,3,0,0.0,1,0,6,0,0,0,0,1,0
886,27.0,1,0,887,2,1,0.0,0,1,1,1,0,0,0,0,1
887,19.0,2,0,888,1,0,1.0,0,1,1,1,1,1,0,0,0
888,28.0,2,2,889,3,0,0.0,0,1,4,0,0,1,0,0,0
889,26.0,2,0,890,1,1,1.0,0,0,1,1,1,0,1,0,0
890,32.0,0,0,891,3,1,0.0,1,0,1,1,0,0,1,0,0
0,34.5,0,0,892,3,1,,1,0,1,1,0,0,1,0,0
1,47.0,0,0,893,3,0,,0,1,2,0,0,0,0,1,0
2,62.0,1,0,894,2,1,,1,0,1,1,0,0,1,0,0
3,27.0,1,0,895,3,1,,0,1,1,1,0,0,1,0,0
4,22.0,1,1,896,3,0,,0,1,3,0,0,0,0,1,0
5,14.0,1,0,897,3,1,,0,1,1,1,0,0,1,0,0
6,30.0,0,0,898,3,0,,1,0,1,1,0,1,0,0,0
7,26.0,2,1,899,2,1,,0,1,3,0,0,0,1,0,0
8,18.0,0,0,900,3,0,,0,0,1,1,0,0,0,1,0
9,21.0,2,0,901,3,1,,0,1,3,0,0,0,1,0,0
10,28.0,0,0,902,3,1,,0,1,1,1,0,0,1,0,0
11,46.0,2,0,903,1,1,,0,1,1,1,0,0,1,0,0
12,23.0,3,0,904,1,0,,0,1,2,0,1,0,0,1,0
13,63.0,2,0,905,2,1,,0,1,2,0,0,0,1,0,0
14,47.0,3,0,906,1,0,,0,1,2,0,1,0,0,1,0
15,24.0,2,0,907,2,0,,0,0,2,0,0,0,0,1,0
16,35.0,1,0,908,2,1,,1,0,1,1,0,0,1,0,0
17,21.0,0,0,909,3,1,,0,0,1,1,0,0,1,0,0
18,27.0,1,0,910,3,0,,0,1,2,0,0,1,0,0,0
19,45.0,0,0,911,3,0,,0,0,1,1,0,0,0,1,0
20,55.0,3,0,912,1,1,,0,0,2,0,0,0,1,0,0
21,9.0,0,1,913,3,1,,0,1,2,0,0,0,0,0,0
22,28.0,3,0,914,1,0,,0,1,1,1,0,0,0,1,0
23,21.0,3,1,915,1,1,,0,0,2,0,0,0,1,0,0
24,48.0,3,3,916,1,0,,0,0,5,0,1,0,0,1,0
25,50.0,2,0,917,3,1,,0,1,2,0,0,0,1,0,0
26,22.0,3,1,918,1,0,,0,0,2,0,1,1,0,0,0
27,22.5,0,0,919,3,1,,0,0,1,1,0,0,1,0,0
28,41.0,2,0,920,1,1,,0,1,1,1,1,0,1,0,0
29,28.0,2,0,921,3,1,,0,0,3,0,0,0,1,0,0
30,50.0,2,0,922,2,1,,0,1,2,0,0,0,1,0,0
31,24.0,3,0,923,2,1,,0,1,3,0,0,0,1,0,0
32,33.0,2,2,924,3,0,,0,1,4,0,0,0,0,1,0
33,28.0,2,2,925,3,0,,0,1,4,0,0,0,0,1,0
34,30.0,3,0,926,1,1,,0,0,2,0,1,0,1,0,0
35,18.5,0,0,927,3,1,,0,0,1,1,0,0,1,0,0
36,28.0,1,0,928,3,0,,0,1,1,1,0,1,0,0,0
37,21.0,1,0,929,3,0,,0,1,1,1,0,1,0,0,0
38,25.0,1,0,930,3,1,,0,1,1,1,0,0,1,0,0
39,28.0,3,0,931,3,1,,0,1,1,1,0,0,1,0,0
40,39.0,1,1,932,3,1,,0,0,2,0,0,0,1,0,0
41,28.0,2,0,933,1,1,,0,1,1,1,1,0,1,0,0
42,41.0,0,0,934,3,1,,0,1,1,1,0,0,1,0,0
43,30.0,1,0,935,2,0,,0,1,1,1,0,0,0,1,0
44,45.0,3,0,936,1,0,,0,1,2,0,1,0,0,1,0
45,25.0,1,0,937,3,1,,0,1,1,1,0,0,1,0,0
46,45.0,2,0,938,1,1,,0,0,1,1,1,0,1,0,0
47,28.0,0,0,939,3,1,,1,0,1,1,0,0,1,0,0
48,60.0,3,0,940,1,0,,0,0,1,1,1,0,0,1,0
49,36.0,2,2,941,3,0,,0,1,3,0,0,0,0,1,0
50,24.0,3,0,942,1,1,,0,1,2,0,1,0,1,0,0
51,27.0,2,0,943,2,1,,0,0,1,1,0,0,1,0,0
52,20.0,2,1,944,2,0,,0,1,4,0,0,1,0,0,0
53,28.0,3,2,945,1,0,,0,1,6,0,1,1,0,0,0
54,28.0,2,0,946,2,1,,0,0,1,1,0,0,1,0,0
55,10.0,2,1,947,3,1,,1,0,6,0,0,0,0,0,0
56,35.0,0,0,948,3,1,,0,1,1,1,0,0,1,0,0
57,25.0,0,0,949,3,1,,0,1,1,1,1,0,1,0,0
58,28.0,2,0,950,3,1,,0,1,2,0,0,0,1,0,0
59,36.0,3,0,951,1,0,,0,0,1,1,1,1,0,0,0
60,17.0,0,0,952,3,1,,0,1,1,1,0,0,1,0,0
61,32.0,1,0,953,2,1,,0,1,1,1,0,0,1,0,0
62,18.0,0,0,954,3,1,,0,1,1,1,0,0,1,0,0
63,22.0,0,0,955,3,0,,1,0,1,1,0,1,0,0,0
64,13.0,3,2,956,1,1,,0,0,5,0,1,0,0,0,0
65,28.0,2,0,957,2,0,,0,1,1,1,0,0,0,1,0
66,18.0,0,0,958,3,0,,1,0,1,1,0,1,0,0,0
67,47.0,3,0,959,1,1,,0,1,1,1,0,0,1,0,0
68,31.0,2,0,960,1,1,,0,0,1,1,1,0,1,0,0
69,60.0,3,4,961,1,0,,0,1,6,0,1,0,0,1,0
70,24.0,0,0,962,3,0,,1,0,1,1,0,1,0,0,0
71,21.0,0,0,963,3,1,,0,1,1,1,0,0,1,0,0
72,29.0,1,0,964,3,0,,0,1,1,1,0,1,0,0,0
73,28.5,2,0,965,1,1,,0,0,1,1,1,0,1,0,0
74,35.0,3,0,966,1,0,,0,0,1,1,1,1,0,0,0
75,32.5,3,0,967,1,1,,0,0,1,1,1,0,1,0,0
76,28.0,1,0,968,3,1,,0,1,1,1,0,0,1,0,0
77,55.0,2,0,969,1,0,,0,1,3,0,1,0,0,1,0
78,30.0,1,0,970,2,1,,0,1,1,1,0,0,1,0,0
79,24.0,0,0,971,3,0,,1,0,1,1,0,1,0,0,0
80,6.0,2,1,972,3,1,,0,0,3,0,0,0,0,0,0
81,67.0,3,0,973,1,1,,0,1,2,0,1,0,1,0,0
82,49.0,2,0,974,1,1,,0,1,1,1,0,0,1,0,0
83,28.0,0,0,975,3,1,,0,1,1,1,0,0,1,0,0
84,28.0,1,0,976,2,1,,1,0,1,1,0,0,1,0,0
85,28.0,2,0,977,3,1,,0,0,2,0,0,0,1,0,0
86,27.0,0,0,978,3,0,,1,0,1,1,0,1,0,0,0
87,18.0,1,0,979,3,0,,0,1,1,1,0,1,0,0,0
88,28.0,0,0,980,3,0,,1,0,1,1,0,1,0,0,0
89,2.0,2,1,981,2,1,,0,1,3,0,0,0,0,0,0
90,22.0,1,0,982,3,0,,0,1,2,0,0,0,0,1,0
91,28.0,0,0,983,3,1,,0,1,1,1,0,0,1,0,0
92,27.0,3,2,984,1,0,,0,1,4,0,1,0,0,1,0
93,28.0,1,0,985,3,1,,0,1,1,1,0,0,1,0,0
94,25.0,2,0,986,1,1,,0,0,1,1,0,0,1,0,0
95,25.0,0,0,987,3,1,,0,1,1,1,0,0,1,0,0
96,76.0,3,0,988,1,0,,0,1,2,0,1,0,0,1,0
97,29.0,1,0,989,3,1,,0,1,1,1,0,0,1,0,0
98,20.0,0,0,990,3,0,,0,1,1,1,0,1,0,0,0
99,33.0,1,0,991,3,1,,0,1,1,1,0,0,1,0,0
100,43.0,3,0,992,1,0,,0,0,2,0,1,0,0,1,0
101,27.0,2,0,993,2,1,,0,1,2,0,0,0,1,0,0
102,28.0,0,0,994,3,1,,1,0,1,1,0,0,1,0,0
103,26.0,0,0,995,3,1,,0,1,1,1,0,0,1,0,0
104,16.0,1,1,996,3,0,,0,0,3,0,0,0,0,1,0
105,28.0,2,0,997,3,1,,0,1,1,1,0,0,1,0,0
106,21.0,0,0,998,3,1,,1,0,1,1,0,0,1,0,0
107,28.0,0,0,999,3,1,,1,0,1,1,0,0,1,0,0
108,28.0,1,0,1000,3,1,,0,1,1,1,0,0,1,0,0
109,18.5,1,0,1001,2,1,,0,1,1,1,1,0,1,0,0
110,41.0,2,0,1002,2,1,,0,0,1,1,0,0,1,0,0
111,28.0,0,0,1003,3,0,,1,0,1,1,0,1,0,0,0
112,36.0,3,0,1004,1,0,,0,0,1,1,1,1,0,0,0
113,18.5,0,0,1005,3,0,,1,0,1,1,0,1,0,0,0
114,63.0,3,0,1006,1,0,,0,1,2,0,1,0,0,1,0
115,18.0,2,0,1007,3,1,,0,0,2,0,0,0,1,0,0
116,28.0,0,0,1008,3,1,,0,0,1,1,0,0,1,0,0
117,1.0,2,1,1009,3,0,,0,1,3,0,1,1,0,0,0
118,36.0,3,0,1010,1,1,,0,0,1,1,1,0,1,0,0
119,29.0,2,0,1011,2,0,,0,1,2,0,0,0,0,1,0
120,12.0,2,0,1012,2,0,,0,1,1,1,0,1,0,0,0
121,28.0,0,0,1013,3,1,,1,0,2,0,0,0,1,0,0
122,35.0,3,0,1014,1,0,,0,0,2,0,1,0,0,1,0
123,28.0,0,0,1015,3,1,,0,1,1,1,0,0,1,0,0
124,28.0,0,0,1016,3,1,,1,0,1,1,0,0,1,0,0
125,17.0,2,1,1017,3,0,,0,1,2,0,0,1,0,0,0
126,22.0,0,0,1018,3,1,,0,1,1,1,0,0,1,0,0
127,28.0,2,0,1019,3,0,,1,0,3,0,0,1,0,0,0
128,42.0,1,0,1020,2,1,,0,1,1,1,0,0,1,0,0
129,24.0,1,0,1021,3,1,,0,1,1,1,0,0,1,0,0
130,32.0,1,0,1022,3,1,,0,1,1,1,0,0,1,0,0
131,53.0,2,0,1023,1,1,,0,0,1,1,1,0,0,0,1
132,28.0,2,4,1024,3,0,,0,1,5,0,0,0,0,1,0
133,28.0,0,0,1025,3,1,,0,0,2,0,0,0,1,0,0
134,43.0,0,0,1026,3,1,,0,1,1,1,0,0,1,0,0
135,24.0,0,0,1027,3,1,,0,1,1,1,0,0,1,0,0
136,26.5,0,0,1028,3,1,,0,0,1,1,0,0,1,0,0
137,26.0,1,0,1029,2,1,,0,1,1,1,0,0,1,0,0
138,23.0,1,0,1030,3,0,,0,1,1,1,0,1,0,0,0
139,40.0,3,6,1031,3,1,,0,1,8,0,0,0,1,0,0
140,10.0,3,2,1032,3,0,,0,1,8,0,0,1,0,0,0
141,33.0,3,0,1033,1,0,,0,1,1,1,0,1,0,0,0
142,61.0,3,3,1034,1,1,,0,0,5,0,1,0,1,0,0
143,28.0,2,0,1035,2,1,,0,1,1,1,0,0,1,0,0
144,42.0,2,0,1036,1,1,,0,1,1,1,0,0,1,0,0
145,31.0,2,0,1037,3,1,,0,1,4,0,0,0,1,0,0
146,28.0,3,0,1038,1,1,,0,1,1,1,1,0,1,0,0
147,22.0,1,0,1039,3,1,,0,1,1,1,0,0,1,0,0
148,28.0,2,0,1040,1,1,,0,1,1,1,0,0,1,0,0
149,30.0,2,1,1041,2,1,,0,1,3,0,0,0,0,0,1
150,23.0,3,1,1042,1,0,,0,0,2,0,1,0,0,1,0
151,28.0,0,0,1043,3,1,,0,0,1,1,0,0,1,0,0
152,60.5,3,0,1044,3,1,,0,1,1,1,0,0,1,0,0
153,36.0,1,2,1045,3,0,,0,1,3,0,0,0,0,1,0
154,13.0,3,2,1046,3,1,,0,1,7,0,0,0,0,0,0
155,24.0,0,0,1047,3,1,,0,1,1,1,0,0,1,0,0
156,29.0,3,0,1048,1,0,,0,1,1,1,1,1,0,0,0
157,23.0,0,0,1049,3,0,,0,1,1,1,0,1,0,0,0
158,42.0,2,0,1050,1,1,,0,1,1,1,1,0,1,0,0
159,26.0,1,2,1051,3,0,,0,1,3,0,0,0,0,1,0
160,28.0,0,0,1052,3,0,,1,0,1,1,0,1,0,0,0
161,7.0,2,1,1053,3,1,,0,0,3,0,0,0,0,0,0
162,26.0,1,0,1054,2,0,,0,1,1,1,0,1,0,0,0
163,28.0,0,0,1055,3,1,,0,1,1,1,0,0,1,0,0
164,41.0,1,0,1056,2,1,,0,1,1,1,0,0,0,0,1
165,26.0,2,1,1057,3,0,,0,1,3,0,0,0,0,1,0
166,48.0,3,0,1058,1,1,,0,0,1,1,1,0,1,0,0
167,18.0,3,2,1059,3,1,,0,1,5,0,0,0,1,0,0
168,28.0,2,0,1060,1,0,,0,0,1,1,0,0,0,1,0
169,22.0,1,0,1061,3,0,,0,1,1,1,0,1,0,0,0
170,28.0,0,0,1062,3,1,,0,1,1,1,0,0,1,0,0
171,27.0,0,0,1063,3,1,,0,0,1,1,0,0,1,0,0
172,23.0,1,0,1064,3,1,,0,1,2,0,0,0,1,0,0
173,28.0,0,0,1065,3,1,,0,0,1,1,0,0,1,0,0
174,40.0,3,5,1066,3,1,,0,1,7,0,0,0,1,0,0
175,15.0,3,2,1067,2,0,,0,1,3,0,0,1,0,0,0
176,20.0,3,0,1068,2,0,,0,1,1,1,0,1,0,0,0
177,54.0,3,0,1069,1,1,,0,0,2,0,1,0,1,0,0
178,36.0,3,3,1070,2,0,,0,1,4,0,1,0,0,1,0
179,64.0,3,2,1071,1,0,,0,0,3,0,1,0,0,1,0
180,30.0,1,0,1072,2,1,,0,1,1,1,0,0,1,0,0
181,37.0,3,1,1073,1,1,,0,0,3,0,1,0,1,0,0
182,18.0,3,0,1074,1,0,,0,1,2,0,1,0,0,1,0
183,28.0,0,0,1075,3,1,,1,0,1,1,0,0,1,0,0
184,27.0,3,1,1076,1,0,,0,0,3,0,1,0,0,1,0
185,40.0,2,0,1077,2,1,,0,1,1,1,0,0,1,0,0
186,21.0,2,1,1078,2,0,,0,1,2,0,0,1,0,0,0
187,17.0,1,0,1079,3,1,,0,1,3,0,0,0,1,0,0
188,28.0,3,2,1080,3,0,,0,1,11,0,0,1,0,0,0
189,40.0,1,0,1081,2,1,,0,1,1,1,0,0,1,0,0
190,34.0,2,0,1082,2,1,,0,1,2,0,0,0,1,0,0
191,28.0,2,0,1083,1,1,,0,1,1,1,0,0,1,0,0
192,11.5,2,1,1084,3,1,,0,1,3,0,0,0,0,0,0
193,61.0,1,0,1085,2,1,,1,0,1,1,0,0,1,0,0
194,8.0,3,2,1086,2,1,,0,1,3,0,0,0,0,0,0
195,33.0,0,0,1087,3,1,,0,1,1,1,0,0,1,0,0
196,6.0,3,2,1088,1,1,,0,0,3,0,1,0,0,0,0
197,18.0,0,0,1089,3,0,,0,1,1,1,0,1,0,0,0
198,23.0,1,0,1090,2,1,,0,1,1,1,0,0,1,0,0
199,28.0,1,0,1091,3,0,,0,1,1,1,0,0,0,1,0
200,28.0,2,0,1092,3,0,,1,0,1,1,0,1,0,0,0
201,0.33,1,2,1093,3,1,,0,1,3,0,0,0,0,0,0
202,47.0,3,0,1094,1,1,,0,0,2,0,1,0,0,0,1
203,8.0,2,1,1095,2,0,,0,1,3,0,0,1,0,0,0
204,25.0,1,0,1096,2,1,,0,1,1,1,0,0,1,0,0
205,28.0,2,0,1097,1,1,,0,0,1,1,0,0,1,0,0
206,35.0,0,0,1098,3,0,,1,0,1,1,0,1,0,0,0
207,24.0,1,0,1099,2,1,,0,1,1,1,0,0,1,0,0
208,33.0,2,0,1100,1,0,,0,0,1,1,1,1,0,0,0
209,25.0,0,0,1101,3,1,,0,1,1,1,0,0,1,0,0
210,32.0,2,0,1102,3,1,,0,1,1,1,0,0,1,0,0
211,28.0,0,0,1103,3,1,,0,1,1,1,0,0,1,0,0
212,17.0,3,0,1104,2,1,,0,1,1,1,0,0,1,0,0
213,60.0,2,0,1105,2,0,,0,1,2,0,0,0,0,1,0
214,38.0,0,2,1106,3,0,,0,1,7,0,0,1,0,0,0
215,42.0,3,0,1107,1,1,,0,1,1,1,1,0,1,0,0
216,28.0,0,0,1108,3,0,,1,0,1,1,0,1,0,0,0
217,57.0,3,1,1109,1,1,,0,1,3,0,0,0,1,0,0
218,50.0,3,1,1110,1,0,,0,0,3,0,1,0,0,1,0
219,28.0,1,0,1111,3,1,,0,1,1,1,0,0,1,0,0
220,30.0,1,0,1112,2,0,,0,0,2,0,0,1,0,0,0
221,21.0,1,0,1113,3,1,,0,1,1,1,0,0,1,0,0
222,22.0,1,0,1114,2,0,,0,1,1,1,1,0,0,1,0
223,21.0,0,0,1115,3,1,,0,1,1,1,0,0,1,0,0
224,53.0,2,0,1116,1,0,,0,0,1,1,0,0,0,1,0
225,28.0,2,2,1117,3,0,,0,0,3,0,0,0,0,1,0
226,23.0,0,0,1118,3,1,,0,1,1,1,0,0,1,0,0
227,28.0,0,0,1119,3,0,,1,0,1,1,0,1,0,0,0
228,40.5,2,0,1120,3,1,,0,1,1,1,0,0,1,0,0
229,36.0,1,0,1121,2,1,,0,1,1,1,0,0,1,0,0
230,14.0,3,0,1122,2,1,,0,1,1,1,0,0,1,0,0
231,21.0,2,0,1123,1,0,,0,1,1,1,0,1,0,0,0
232,21.0,0,0,1124,3,1,,0,1,2,0,0,0,1,0,0
233,28.0,0,0,1125,3,1,,1,0,1,1,0,0,1,0,0
234,39.0,3,0,1126,1,1,,0,0,2,0,1,0,1,0,0
235,20.0,0,0,1127,3,1,,0,1,1,1,0,0,1,0,0
236,64.0,3,0,1128,1,1,,0,0,2,0,1,0,1,0,0
237,20.0,0,0,1129,3,1,,0,0,1,1,0,0,1,0,0
238,18.0,1,1,1130,2,0,,0,1,3,0,0,1,0,0,0
239,48.0,3,0,1131,1,0,,0,0,2,0,1,0,0,1,0
240,55.0,2,0,1132,1,0,,0,0,1,1,0,0,0,1,0
241,45.0,2,2,1133,2,0,,0,1,3,0,0,0,0,1,0
242,45.0,3,1,1134,1,1,,0,0,3,0,1,0,1,0,0
243,28.0,0,0,1135,3,1,,0,1,1,1,0,0,1,0,0
244,28.0,2,2,1136,3,1,,0,1,4,0,0,0,0,0,0
245,41.0,3,0,1137,1,1,,0,1,2,0,1,0,1,0,0
246,22.0,2,0,1138,2,0,,0,1,1,1,0,0,0,1,0
247,42.0,3,1,1139,2,1,,0,1,3,0,0,0,1,0,0
248,29.0,2,0,1140,2,0,,0,1,2,0,0,0,0,1,0
249,28.0,2,0,1141,3,0,,0,0,2,0,0,0,0,1,0
250,0.92,2,2,1142,2,0,,0,1,4,0,0,1,0,0,0
251,20.0,1,0,1143,3,1,,0,1,1,1,0,0,1,0,0
252,27.0,3,0,1144,1,1,,0,0,2,0,1,0,1,0,0
253,24.0,1,0,1145,3,1,,0,1,1,1,0,0,1,0,0
254,32.5,1,0,1146,3,1,,0,1,1,1,0,0,1,0,0
255,28.0,0,0,1147,3,1,,0,1,1,1,0,0,1,0,0
256,28.0,0,0,1148,3,1,,1,0,1,1,0,0,1,0,0
257,28.0,1,0,1149,3,1,,0,1,1,1,0,0,1,0,0
258,19.0,1,0,1150,2,0,,0,1,1,1,0,1,0,0,0
259,21.0,0,0,1151,3,1,,0,1,1,1,0,0,1,0,0
260,36.5,2,0,1152,3,1,,0,1,2,0,0,0,1,0,0
261,21.0,0,0,1153,3,1,,0,1,1,1,0,0,1,0,0
262,29.0,2,2,1154,2,0,,0,1,3,0,0,0,0,1,0
263,1.0,1,1,1155,3,0,,0,1,3,0,0,1,0,0,0
264,30.0,1,0,1156,2,1,,0,0,1,1,0,0,1,0,0
265,28.0,0,0,1157,3,1,,0,1,1,1,0,0,1,0,0
266,28.0,0,0,1158,1,1,,0,1,1,1,0,0,1,0,0
267,28.0,0,0,1159,3,1,,0,1,1,1,0,0,1,0,0
268,28.0,1,0,1160,3,0,,0,1,1,1,0,1,0,0,0
269,17.0,1,0,1161,3,1,,0,1,1,1,0,0,1,0,0
270,46.0,3,0,1162,1,1,,0,0,1,1,1,0,1,0,0
271,28.0,0,0,1163,3,1,,1,0,1,1,0,0,1,0,0
272,26.0,3,0,1164,1,0,,0,0,2,0,1,0,0,1,0
273,28.0,2,0,1165,3,0,,1,0,2,0,0,1,0,0,0
274,28.0,0,0,1166,3,1,,0,0,1,1,0,0,1,0,0
275,20.0,2,0,1167,2,0,,0,1,2,0,0,1,0,0,0
276,28.0,1,0,1168,2,1,,0,1,1,1,0,0,1,0,0
277,40.0,2,0,1169,2,1,,0,1,2,0,0,0,1,0,0
278,30.0,2,0,1170,2,1,,0,1,2,0,0,0,1,0,0
279,22.0,1,0,1171,2,1,,0,1,1,1,0,0,1,0,0
280,23.0,1,0,1172,3,0,,0,1,1,1,0,1,0,0,0
281,0.75,1,1,1173,3,1,,0,1,3,0,0,0,0,0,0
282,28.0,0,0,1174,3,0,,1,0,1,1,0,1,0,0,0
283,9.0,2,1,1175,3,0,,0,0,3,0,0,1,0,0,0
284,2.0,2,1,1176,3,0,,0,1,3,0,0,1,0,0,0
285,36.0,0,0,1177,3,1,,0,1,1,1,0,0,1,0,0
286,28.0,0,0,1178,3,1,,0,1,1,1,0,0,1,0,0
287,24.0,3,0,1179,1,1,,0,1,2,0,1,0,1,0,0
288,28.0,0,0,1180,3,1,,0,0,1,1,1,0,1,0,0
289,28.0,1,0,1181,3,1,,0,1,1,1,0,0,1,0,0
290,28.0,3,0,1182,1,1,,0,1,1,1,0,0,1,0,0
291,30.0,0,0,1183,3,0,,1,0,1,1,0,1,0,0,0
292,28.0,0,0,1184,3,1,,0,0,1,1,0,0,1,0,0
293,53.0,3,1,1185,1,1,,0,1,3,0,1,0,0,0,1
294,36.0,1,0,1186,3,1,,0,1,1,1,0,0,1,0,0
295,26.0,0,0,1187,3,1,,0,1,1,1,0,0,1,0,0
296,1.0,3,2,1188,2,0,,0,0,4,0,0,1,0,0,0
297,28.0,2,0,1189,3,1,,0,0,3,0,0,0,1,0,0
298,30.0,3,0,1190,1,1,,0,1,1,1,0,0,1,0,0
299,29.0,0,0,1191,3,1,,0,1,1,1,0,0,1,0,0
300,32.0,0,0,1192,3,1,,0,1,1,1,0,0,1,0,0
301,28.0,2,0,1193,2,1,,0,0,1,1,1,0,1,0,0
302,43.0,2,1,1194,2,1,,0,1,2,0,0,0,1,0,0
303,24.0,1,0,1195,3,1,,0,1,1,1,0,0,1,0,0
304,28.0,0,0,1196,3,0,,1,0,1,1,0,1,0,0,0
305,64.0,2,1,1197,1,0,,0,1,3,0,1,0,0,1,0
306,30.0,3,2,1198,1,1,,0,1,4,0,1,0,1,0,0
307,0.83,1,1,1199,3,1,,0,1,2,0,0,0,0,0,0
308,55.0,3,1,1200,1,1,,0,1,3,0,1,0,1,0,0
309,45.0,1,0,1201,3,0,,0,1,2,0,0,0,0,1,0
310,18.0,1,0,1202,3,1,,0,1,1,1,0,0,1,0,0
311,22.0,0,0,1203,3,1,,0,0,1,1,0,0,1,0,0
312,28.0,0,0,1204,3,1,,0,1,1,1,0,0,1,0,0
313,37.0,0,0,1205,3,0,,1,0,1,1,0,1,0,0,0
314,55.0,3,0,1206,1,0,,0,0,1,1,1,0,0,1,0
315,17.0,0,0,1207,3,0,,1,0,1,1,0,1,0,0,0
316,57.0,3,0,1208,1,1,,0,0,2,0,1,0,1,0,0
317,19.0,1,0,1209,2,1,,0,1,1,1,0,0,1,0,0
318,27.0,0,0,1210,3,1,,0,1,1,1,0,0,1,0,0
319,22.0,3,0,1211,2,1,,0,1,3,0,0,0,1,0,0
320,26.0,0,0,1212,3,1,,0,1,1,1,0,0,1,0,0
321,25.0,0,0,1213,3,1,,0,0,1,1,1,0,1,0,0
322,26.0,1,0,1214,2,1,,0,1,1,1,1,0,1,0,0
323,33.0,2,0,1215,1,1,,0,1,1,1,0,0,1,0,0
324,39.0,3,0,1216,1,0,,0,1,1,1,0,1,0,0,0
325,23.0,0,0,1217,3,1,,0,1,1,1,0,0,1,0,0
326,12.0,3,1,1218,2,0,,0,1,4,0,1,1,0,0,0
327,46.0,3,0,1219,1,1,,0,0,1,1,0,0,1,0,0
328,29.0,2,0,1220,2,1,,0,1,2,0,0,0,1,0,0
329,21.0,1,0,1221,2,1,,0,1,1,1,0,0,1,0,0
330,48.0,3,2,1222,2,0,,0,1,3,0,0,0,0,1,0
331,39.0,2,0,1223,1,1,,0,0,1,1,1,0,1,0,0
332,28.0,0,0,1224,3,1,,0,0,1,1,0,0,1,0,0
333,19.0,2,1,1225,3,0,,0,0,3,0,0,0,0,1,0
334,27.0,0,0,1226,3,1,,0,1,1,1,0,0,1,0,0
335,30.0,2,0,1227,1,1,,0,1,1,1,1,0,1,0,0
336,32.0,1,0,1228,2,1,,0,1,1,1,0,0,1,0,0
337,39.0,0,2,1229,3,1,,0,0,3,0,0,0,1,0,0
338,25.0,3,0,1230,2,1,,0,1,1,1,0,0,1,0,0
339,28.0,0,0,1231,3,1,,0,0,1,1,0,0,0,0,0
340,18.0,1,0,1232,2,1,,0,1,1,1,0,0,1,0,0
341,32.0,0,0,1233,3,1,,0,1,1,1,0,0,1,0,0
342,28.0,3,9,1234,3,1,,0,1,11,0,0,0,1,0,0
343,58.0,3,1,1235,1,0,,0,0,2,0,1,0,0,1,0
344,28.0,2,1,1236,3,1,,0,1,3,0,0,0,0,0,0
345,16.0,0,0,1237,3,0,,0,1,1,1,0,1,0,0,0
346,26.0,1,0,1238,2,1,,0,1,1,1,0,0,1,0,0
347,38.0,0,0,1239,3,0,,0,0,1,1,0,0,0,1,0
348,24.0,1,0,1240,2,1,,0,1,1,1,0,0,1,0,0
349,31.0,2,0,1241,2,0,,0,1,1,1,0,1,0,0,0
350,45.0,3,1,1242,1,0,,0,0,2,0,1,0,0,1,0
351,25.0,1,0,1243,2,1,,0,1,1,1,0,0,1,0,0
352,18.0,3,0,1244,2,1,,0,1,1,1,0,0,1,0,0
353,49.0,3,2,1245,2,1,,0,1,4,0,0,0,1,0,0
354,0.17,2,2,1246,3,0,,0,1,4,0,0,1,0,0,0
355,50.0,2,0,1247,1,1,,0,1,1,1,1,0,1,0,0
356,59.0,3,0,1248,1,0,,0,1,3,0,1,0,0,1,0
357,28.0,0,0,1249,3,1,,0,1,1,1,0,0,1,0,0
358,28.0,0,0,1250,3,1,,1,0,1,1,0,0,1,0,0
359,30.0,2,0,1251,3,0,,0,1,2,0,0,0,0,1,0
360,14.5,3,2,1252,3,1,,0,1,11,0,0,0,0,0,0
361,24.0,3,1,1253,2,0,,0,0,3,0,0,0,0,1,0
362,31.0,2,0,1254,2,0,,0,1,1,1,0,0,0,1,0
363,27.0,1,0,1255,3,1,,0,1,1,1,0,0,1,0,0
364,25.0,3,0,1256,1,0,,0,0,2,0,1,0,0,1,0
365,28.0,3,9,1257,3,0,,0,1,11,0,0,0,0,1,0
366,28.0,2,0,1258,3,1,,0,0,2,0,0,0,1,0,0
367,22.0,3,0,1259,3,0,,0,1,1,1,0,1,0,0,0
368,45.0,3,1,1260,1,0,,0,0,2,0,0,0,0,1,0
369,29.0,1,0,1261,2,1,,0,0,1,1,0,0,1,0,0
370,21.0,1,0,1262,2,1,,0,1,2,0,0,0,1,0,0
371,31.0,3,0,1263,1,0,,0,0,1,1,1,1,0,0,0
372,49.0,0,0,1264,1,1,,0,1,1,1,1,0,1,0,0
373,44.0,1,0,1265,2,1,,0,1,1,1,0,0,1,0,0
374,54.0,3,1,1266,1,0,,0,1,3,0,1,0,0,1,0
375,45.0,3,0,1267,1,0,,0,0,1,1,0,1,0,0,0
376,22.0,1,0,1268,3,0,,0,1,3,0,0,1,0,0,0
377,21.0,1,0,1269,2,1,,0,1,1,1,0,0,1,0,0
378,55.0,3,0,1270,1,1,,0,1,1,1,1,0,1,0,0
379,5.0,3,2,1271,3,1,,0,1,7,0,0,0,0,0,0
380,28.0,0,0,1272,3,1,,1,0,1,1,0,0,1,0,0
381,26.0,0,0,1273,3,1,,1,0,1,1,0,0,1,0,0
382,28.0,2,0,1274,3,0,,0,1,1,1,0,0,0,1,0
383,19.0,2,0,1275,3,0,,0,1,2,0,0,0,0,1,0
384,28.0,1,0,1276,2,1,,0,1,1,1,0,0,1,0,0
385,24.0,3,2,1277,2,0,,0,1,4,0,0,1,0,0,0
386,24.0,0,0,1278,3,1,,0,1,1,1,0,0,1,0,0
387,57.0,1,0,1279,2,1,,0,1,1,1,0,0,1,0,0
388,21.0,0,0,1280,3,1,,1,0,1,1,0,0,1,0,0
389,6.0,2,1,1281,3,1,,0,1,5,0,0,0,0,0,0
390,23.0,3,0,1282,1,1,,0,1,1,1,1,0,1,0,0
391,51.0,3,1,1283,1,0,,0,1,2,0,1,0,0,1,0
392,13.0,2,2,1284,3,1,,0,1,3,0,0,0,0,0,0
393,47.0,1,0,1285,2,1,,0,1,1,1,0,0,1,0,0
394,29.0,2,1,1286,3,1,,0,1,5,0,0,0,1,0,0
395,18.0,3,0,1287,1,0,,0,1,2,0,1,0,0,1,0
396,24.0,0,0,1288,3,1,,1,0,1,1,0,0,1,0,0
397,48.0,3,1,1289,1,0,,0,0,3,0,1,0,0,1,0
398,22.0,0,0,1290,3,1,,0,1,1,1,0,0,1,0,0
399,31.0,0,0,1291,3,1,,1,0,1,1,0,0,1,0,0
400,30.0,3,0,1292,1,0,,0,1,1,1,1,1,0,0,0
401,38.0,2,0,1293,2,1,,0,1,2,0,0,0,1,0,0
402,22.0,3,1,1294,1,0,,0,0,2,0,0,1,0,0,0
403,17.0,3,0,1295,1,1,,0,1,1,1,0,0,1,0,0
404,43.0,2,0,1296,1,1,,0,0,2,0,1,0,1,0,0
405,20.0,1,0,1297,2,1,,0,0,1,1,1,0,1,0,0
406,23.0,1,0,1298,2,1,,0,1,2,0,0,0,1,0,0
407,50.0,3,1,1299,1,1,,0,0,3,0,1,0,1,0,0
408,28.0,0,0,1300,3,0,,1,0,1,1,0,1,0,0,0
409,3.0,1,1,1301,3,0,,0,1,3,0,0,1,0,0,0
410,28.0,0,0,1302,3,0,,1,0,1,1,0,1,0,0,0
411,37.0,3,0,1303,1,0,,1,0,2,0,1,0,0,1,0
412,28.0,0,0,1304,3,0,,0,1,1,1,0,1,0,0,0
413,28.0,1,0,1305,3,1,,0,1,1,1,0,0,1,0,0
414,39.0,3,0,1306,1,0,,0,0,1,1,1,0,0,0,1
415,38.5,0,0,1307,3,1,,0,1,1,1,0,0,1,0,0
416,28.0,1,0,1308,3,1,,0,1,1,1,0,0,1,0,0
417,28.0,2,1,1309,3,1,,0,0,3,0,0,0,0,0,0
